"","name","character_name","type","filename","likelyGender"
"1","Tom Hanks","Woody","Leading Cast","2010_0_Toy Story 3.csv","male"
"2","Tim Allen","Buzz Lightyear","Leading Cast","2010_0_Toy Story 3.csv","male"
"3","Johnny Depp","Mad Hatter","Leading Cast","2010_1_Alice in Wonderland.csv","male"
"4","Alan Rickman","Blue Caterpillar","Leading Cast","2010_1_Alice in Wonderland.csv","male"
"5","Robert Downey, Jr.","Tony Stark","Lead Ensemble Members","2010_2_Iron Man 2.csv","male"
"6","Gwyneth Paltrow","Pepper Potts","Lead Ensemble Members","2010_2_Iron Man 2.csv","female"
"7","Don Cheadle","Lt. Col. James ""Rhodey"" Rhodes","Lead Ensemble Members","2010_2_Iron Man 2.csv","male"
"8","Scarlett Johansson","Natalie Rushman/Natasha Romanoff","Lead Ensemble Members","2010_2_Iron Man 2.csv","female"
"9","Mickey Rourke","Ivan Vanko","Lead Ensemble Members","2010_2_Iron Man 2.csv","male"
"10","Kristen Stewart","Isabella Swan","Leading Cast","2010_3_The Twilight Saga_ Eclipse.csv","female"
"11","Robert Pattinson","Edward Cullen","Leading Cast","2010_3_The Twilight Saga_ Eclipse.csv","male"
"12","Taylor Lautner","Jacob Black","Leading Cast","2010_3_The Twilight Saga_ Eclipse.csv","female"
"13","Emma Watson","Hermione Granger","Leading Cast","2010_4_Harry Potter and the Deathly Hallows_ Part I.csv","female"
"14","Daniel Radcliffe","Harry Potter","Leading Cast","2010_4_Harry Potter and the Deathly Hallows_ Part I.csv","male"
"15","Rupert Grint","Ron Weasley","Leading Cast","2010_4_Harry Potter and the Deathly Hallows_ Part I.csv","male"
"16","Ralph Fiennes","Lord Voldemort","Leading Cast","2010_4_Harry Potter and the Deathly Hallows_ Part I.csv","male"
"17","Leonardo DiCaprio","Cobb","Leading Cast","2010_5_Inception.csv","male"
"18","Joseph Gordon-Levitt","Arthur","Leading Cast","2010_5_Inception.csv","male"
"19","Elliot Page","Ariadne","Leading Cast","2010_5_Inception.csv","male"
"20","Steve Carell","Gru","Leading Cast","2010_6_Despicable Me.csv","male"
"21","Miranda Cosgrove","Margo","Leading Cast","2010_6_Despicable Me.csv","female"
"22","Dana Gaier","Edith","Leading Cast","2010_6_Despicable Me.csv","female"
"23","Elsie Fisher","Agnes","Leading Cast","2010_6_Despicable Me.csv","female"
"24","Mike Myers","Shrek","Leading Cast","2010_7_Shrek Forever After.csv","male"
"25","Eddie Murphy","Donkey","Leading Cast","2010_7_Shrek Forever After.csv","male"
"26","Cameron Diaz","Princess Fiona","Leading Cast","2010_7_Shrek Forever After.csv","male"
"27","Antonio Banderas","Puss-in-Boots","Leading Cast","2010_7_Shrek Forever After.csv","male"
"28","Jay Baruchel","Hiccup","Leading Cast","2010_8_How to Train Your Dragon.csv","male"
"29","Zachary Levi","Flynn Rider","Leading Cast","2010_9_Tangled.csv","male"
"30","Mandy Moore","Rapunzel","Leading Cast","2010_9_Tangled.csv","female"
"31","Ralph Fiennes","Lord Voldemort","Leading Cast","2011_0_Harry Potter and the Deathly Hallows_ Part II.csv","male"
"32","Daniel Radcliffe","Harry Potter","Leading Cast","2011_0_Harry Potter and the Deathly Hallows_ Part II.csv","male"
"33","Rupert Grint","Ron Weasley","Leading Cast","2011_0_Harry Potter and the Deathly Hallows_ Part II.csv","male"
"34","Emma Watson","Hermione Granger","Leading Cast","2011_0_Harry Potter and the Deathly Hallows_ Part II.csv","female"
"35","Shia LaBeouf","Sam Witwicky","Leading Cast","2011_1_Transformers_ Dark of the Moon.csv","female"
"36","Kristen Stewart","Bella Swan","Leading Cast","2011_2_The Twilight Saga_ Breaking Dawn, Part 1.csv","female"
"37","Robert Pattinson","Edward Cullen","Leading Cast","2011_2_The Twilight Saga_ Breaking Dawn, Part 1.csv","male"
"38","Taylor Lautner","Jacob Black","Leading Cast","2011_2_The Twilight Saga_ Breaking Dawn, Part 1.csv","female"
"39","Bradley Cooper","Phil","Leading Cast","2011_3_The Hangover Part II.csv","male"
"40","Ed Helms","Stu","Leading Cast","2011_3_The Hangover Part II.csv","male"
"41","Zach Galifianakis","Alan","Leading Cast","2011_3_The Hangover Part II.csv","male"
"42","Justin Bartha","Doug","Leading Cast","2011_3_The Hangover Part II.csv","male"
"43","Johnny Depp","Captain Jack Sparrow","Leading Cast","2011_4_Pirates of the Caribbean_ On Stranger Tides.csv","male"
"44","Penélope Cruz","Angelica","Leading Cast","2011_4_Pirates of the Caribbean_ On Stranger Tides.csv","female"
"45","Geoffrey Rush","Barbossa","Leading Cast","2011_4_Pirates of the Caribbean_ On Stranger Tides.csv","male"
"46","Ian McShane","Blackbeard","Leading Cast","2011_4_Pirates of the Caribbean_ On Stranger Tides.csv","male"
"47","Vin Diesel","Dominic Toretto","Leading Cast","2011_5_Fast Five.csv","male"
"48","Paul Walker","Brian O'Conner","Leading Cast","2011_5_Fast Five.csv","male"
"49","Dwayne Johnson","Hobbs","Leading Cast","2011_5_Fast Five.csv","male"
"50","Tom Cruise","Ethan Hunt","Lead Ensemble Members","2011_6_Mission_ Impossible—Ghost Protocol.csv","male"
"51","Paula Patton","Agent Jane Carter","Lead Ensemble Members","2011_6_Mission_ Impossible—Ghost Protocol.csv","female"
"52","Simon Pegg","Benju Dunn","Lead Ensemble Members","2011_6_Mission_ Impossible—Ghost Protocol.csv","male"
"53","Jeremy Renner","Agent William Brandt","Lead Ensemble Members","2011_6_Mission_ Impossible—Ghost Protocol.csv","male"
"54","Michael Nyqvist","Kurt Hendricks","Lead Ensemble Members","2011_6_Mission_ Impossible—Ghost Protocol.csv","male"
"55","Lea Seydoux","Sabine Moreau","Lead Ensemble Members","2011_6_Mission_ Impossible—Ghost Protocol.csv","female"
"56","Josh Holloway","Trevor Hanaway","Lead Ensemble Members","2011_6_Mission_ Impossible—Ghost Protocol.csv","male"
"57","Anil Kapoor","Indian Communication Magnate","Lead Ensemble Members","2011_6_Mission_ Impossible—Ghost Protocol.csv","male"
"58","Vladimir Mashkov","Anatoly Sidirov","Lead Ensemble Members","2011_6_Mission_ Impossible—Ghost Protocol.csv","male"
"59","Tom Wilkinson","IMF secretary","Lead Ensemble Members","2011_6_Mission_ Impossible—Ghost Protocol.csv","male"
"60","Dan Whitney","Mater","Leading Cast","2011_7_Cars 2.csv","male"
"61","Owen Wilson","Lightning McQueen","Leading Cast","2011_7_Cars 2.csv","male"
"62","Michael Caine","Finn McMissle","Leading Cast","2011_7_Cars 2.csv","male"
"63","Emily Mortimer","Holley Shiftwell","Leading Cast","2011_7_Cars 2.csv","female"
"64","Robert Downey, Jr.","Sherlock Holmes","Leading Cast","2011_8_Sherlock Holmes_ A Game of Shadows.csv","male"
"65","Jude Law","Dr. John Watson","Leading Cast","2011_8_Sherlock Holmes_ A Game of Shadows.csv","male"
"66","Noomi Rapace","Madam Simza Heron","Leading Cast","2011_8_Sherlock Holmes_ A Game of Shadows.csv","female"
"67","Rachel McAdams","Irene Adler","Leading Cast","2011_8_Sherlock Holmes_ A Game of Shadows.csv","female"
"68","Jared Harris","Professor James Moriarty","Leading Cast","2011_8_Sherlock Holmes_ A Game of Shadows.csv","male"
"69","Chris Hemsworth","Thor","Lead Ensemble Members","2011_9_Thor.csv","male"
"70","Natalie Portman","Jane Foster","Lead Ensemble Members","2011_9_Thor.csv","female"
"71","Tom Hiddleston","Loki","Lead Ensemble Members","2011_9_Thor.csv","male"
"72","Anthony Hopkins","Odin","Lead Ensemble Members","2011_9_Thor.csv","male"
"73","Idris Elba","Heimdall","Lead Ensemble Members","2011_9_Thor.csv","male"
"74","Tom Hiddleston","Loki","Leading Cast","2012_0_The Avengers.csv","male"
"75","Robert Downey, Jr.","Tony Stark/Iron Man","Lead Ensemble Members","2012_0_The Avengers.csv","male"
"76","Chris Evans","Steve Rogers / Captain America","Lead Ensemble Members","2012_0_The Avengers.csv","male"
"77","Mark Ruffalo","Bruce Banner / The Hulk","Lead Ensemble Members","2012_0_The Avengers.csv","male"
"78","Chris Hemsworth","Thor","Lead Ensemble Members","2012_0_The Avengers.csv","male"
"79","Scarlett Johansson","Natasha Romanoff / Black Widow","Lead Ensemble Members","2012_0_The Avengers.csv","female"
"80","Jeremy Renner","Clint Barton / Hawkeye","Lead Ensemble Members","2012_0_The Avengers.csv","male"
"81","Samuel L. Jackson","Nick Fury","Lead Ensemble Members","2012_0_The Avengers.csv","male"
"82","Christian Bale","Bruce Wayne/Batman","Leading Cast","2012_1_The Dark Knight Rises.csv","male"
"83","Jennifer Lawrence","Katniss Everdeen","Leading Cast","2012_2_The Hunger Games.csv","female"
"84","Daniel Craig","James Bond","Leading Cast","2012_3_Skyfall.csv","male"
"85","Javier Bardem","Silva","Leading Cast","2012_3_Skyfall.csv","male"
"86","Martin Freeman","Bilbo","Leading Cast","2012_4_The Hobbit_ An Unexpected Journey.csv","male"
"87","Kristen Stewart","Bella Swan","Leading Cast","2012_5_The Twilight Saga_ Breaking Dawn, Part 2.csv","female"
"88","Robert Pattinson","Edward Cullen","Leading Cast","2012_5_The Twilight Saga_ Breaking Dawn, Part 2.csv","male"
"89","Taylor Lautner","Jacob Black","Leading Cast","2012_5_The Twilight Saga_ Breaking Dawn, Part 2.csv","female"
"90","Andrew Garfield","Peter Parker / Spider-Man","Leading Cast","2012_6_The Amazing Spider-Man.csv","male"
"91","Kelly Macdonald","Merida","Lead Ensemble Members","2012_7_Brave.csv","female"
"92","Billy Connolly","King Fergus","Lead Ensemble Members","2012_7_Brave.csv","male"
"93","Emma Thompson","Queen Elinor","Lead Ensemble Members","2012_7_Brave.csv","female"
"94","Julie Walters","Witch","Lead Ensemble Members","2012_7_Brave.csv","female"
"95","Robbie Coltrane","Lord Dingwall","Lead Ensemble Members","2012_7_Brave.csv","male"
"96","Kevin McKidd","Lord MacGuffin","Lead Ensemble Members","2012_7_Brave.csv","male"
"97","Craig Ferguson","Lord Macintosh","Lead Ensemble Members","2012_7_Brave.csv","male"
"98","Mark Wahlberg","John Bennett","Leading Cast","2012_8_Ted.csv","male"
"99","Seth MacFarlane","Ted","Leading Cast","2012_8_Ted.csv","male"
"100","Ben Stiller","Alex","Lead Ensemble Members","2012_9_Madagascar 3_ Europe's Most Wanted.csv","male"
"101","Chris Rock","Marty","Lead Ensemble Members","2012_9_Madagascar 3_ Europe's Most Wanted.csv","male"
"102","David Schwimmer","Melman","Lead Ensemble Members","2012_9_Madagascar 3_ Europe's Most Wanted.csv","male"
"103","Jada Pinkett Smith","Gloria","Lead Ensemble Members","2012_9_Madagascar 3_ Europe's Most Wanted.csv","female"
"104","Sacha Baron Cohen","King Julian XII","Lead Ensemble Members","2012_9_Madagascar 3_ Europe's Most Wanted.csv","female"
"105","Cedric the Entertainer","Maurice","Lead Ensemble Members","2012_9_Madagascar 3_ Europe's Most Wanted.csv","male"
"106","Andy Richter","Mort","Lead Ensemble Members","2012_9_Madagascar 3_ Europe's Most Wanted.csv","male"
"107","Frances McDormand","Captain Chantel DuBois","Lead Ensemble Members","2012_9_Madagascar 3_ Europe's Most Wanted.csv","female"
"108","Tom McGrath","Skipper","Lead Ensemble Members","2012_9_Madagascar 3_ Europe's Most Wanted.csv","male"
"109","Jennifer Lawrence","Katniss Everdeen","Leading Cast","2013_0_The Hunger Games_ Catching Fire.csv","female"
"110","Robert Downey, Jr.","Tony Stark/Iron Man","Lead Ensemble Members","2013_1_Iron Man 3.csv","male"
"111","Gwyneth Paltrow","Pepper Potts","Lead Ensemble Members","2013_1_Iron Man 3.csv","female"
"112","Don Cheadle","James 'Rhodey' Rhodes","Lead Ensemble Members","2013_1_Iron Man 3.csv","male"
"113","Guy Pearce","Aldrich Killian","Lead Ensemble Members","2013_1_Iron Man 3.csv","male"
"114","Ben Kingsley","The Mandarin","Lead Ensemble Members","2013_1_Iron Man 3.csv","male"
"115","Kristen Bell","Anna","Lead Ensemble Members","2013_2_Frozen.csv","female"
"116","Idina Menzel","Elsa","Lead Ensemble Members","2013_2_Frozen.csv","female"
"117","Jonathan Groff","Kristoff","Lead Ensemble Members","2013_2_Frozen.csv","male"
"118","Josh Gad","Olaf","Lead Ensemble Members","2013_2_Frozen.csv","male"
"119","Santino Fontana","Hans","Lead Ensemble Members","2013_2_Frozen.csv","male"
"120","Alan Tudyk","Duke of Weselton","Lead Ensemble Members","2013_2_Frozen.csv","male"
"121","Steve Carell","Gru","Leading Cast","2013_3_Despicable Me 2.csv","male"
"122","Kristen Wiig","Lucy","Leading Cast","2013_3_Despicable Me 2.csv","female"
"123","Henry Cavill","Clark Kent/Kal-El","Leading Cast","2013_4_Man of Steel.csv","male"
"124","Michael Shannon","General Zod","Leading Cast","2013_4_Man of Steel.csv","male"
"125","Sandra Bullock","Ryan Stone","Leading Cast","2013_5_Gravity.csv","female"
"126","George Clooney","Matt Kowalski","Leading Cast","2013_5_Gravity.csv","male"
"127","Billy Crystal","Mike","Leading Cast","2013_6_Monsters University.csv","male"
"128","John Goodman","Sullivan","Leading Cast","2013_6_Monsters University.csv","male"
"129","Martin Freeman","Bilbo Baggins","Leading Cast","2013_7_The Hobbit_ The Desolation of Smaug.csv","male"
"130","Vin Diesel","Dominic Toretto","Leading Cast","2013_8_Fast and Furious 6.csv","male"
"131","Michelle Rodriguez","Letty","Leading Cast","2013_8_Fast and Furious 6.csv","female"
"132","Paul Walker","Brian O'Conner","Leading Cast","2013_8_Fast and Furious 6.csv","male"
"133","Dwayne Johnson","Hobbs","Leading Cast","2013_8_Fast and Furious 6.csv","male"
"134","Jordana Brewster","Mia","Leading Cast","2013_8_Fast and Furious 6.csv","female"
"135","James Franco","Oz","Lead Ensemble Members","2013_9_Oz the Great and Powerful.csv","male"
"136","Mila Kunis","Theodora/Wicked Witch of the West","Lead Ensemble Members","2013_9_Oz the Great and Powerful.csv","female"
"137","Rachel Weisz","Evanora","Lead Ensemble Members","2013_9_Oz the Great and Powerful.csv","female"
"138","Michelle Williams","Annie/Glinda","Lead Ensemble Members","2013_9_Oz the Great and Powerful.csv","female"
"139","Zach Braff","Frank/Finley","Lead Ensemble Members","2013_9_Oz the Great and Powerful.csv","male"
"140","Joey King","Girl in Wheelchair/China Girl","Lead Ensemble Members","2013_9_Oz the Great and Powerful.csv","male"
"141","Bradley Cooper","Chris Kyle","Leading Cast","2014_0_American Sniper.csv","male"
"142","Sienna Miller","Taya","Leading Cast","2014_0_American Sniper.csv","female"
"143","Jennifer Lawrence","Katniss Everdeen","Leading Cast","2014_1_The Hunger Games_ Mockingjay - Part 1.csv","female"
"144","Chris Pratt","Peter Quill","Lead Ensemble Members","2014_2_Guardians of the Galaxy.csv","male"
"145","Zoe Saldana","Gamora","Lead Ensemble Members","2014_2_Guardians of the Galaxy.csv","female"
"146","Dave Bautista","Drax","Lead Ensemble Members","2014_2_Guardians of the Galaxy.csv","male"
"147","Vin Diesel","Groot","Lead Ensemble Members","2014_2_Guardians of the Galaxy.csv","male"
"148","Bradley Cooper","Rocket","Lead Ensemble Members","2014_2_Guardians of the Galaxy.csv","male"
"149","Chris Evans","Captain America/Steve Rogers","Lead Ensemble Members","2014_3_Captain America_ The Winter Soldier.csv","male"
"150","Scarlett Johansson","Natasha Romanoff/Black Widow","Lead Ensemble Members","2014_3_Captain America_ The Winter Soldier.csv","female"
"151","Sebastian Stan","Bucky Barnes/Winter Soldier","Lead Ensemble Members","2014_3_Captain America_ The Winter Soldier.csv","male"
"152","Robert Redford","Agent Alexander Pierce","Lead Ensemble Members","2014_3_Captain America_ The Winter Soldier.csv","male"
"153","Samuel L. Jackson","Nick Fury","Lead Ensemble Members","2014_3_Captain America_ The Winter Soldier.csv","male"
"154","Chris Pratt","Emmet","Lead Ensemble Members","2014_4_The Lego Movie.csv","male"
"155","Will Ferrell","President Business","Lead Ensemble Members","2014_4_The Lego Movie.csv","male"
"156","Elizabeth Banks","Wyldstyle/Lucy","Lead Ensemble Members","2014_4_The Lego Movie.csv","female"
"157","Will Arnett","Batman","Lead Ensemble Members","2014_4_The Lego Movie.csv","male"
"158","Alison Brie","Uni-Kitty","Lead Ensemble Members","2014_4_The Lego Movie.csv","female"
"159","Charlie Day","Spaceman Benny","Lead Ensemble Members","2014_4_The Lego Movie.csv","female"
"160","Morgan Freeman","Vitruvius","Lead Ensemble Members","2014_4_The Lego Movie.csv","male"
"161","Jonah Hill","Green Lantern","Lead Ensemble Members","2014_4_The Lego Movie.csv","male"
"162","Channing Tatum","Superman","Lead Ensemble Members","2014_4_The Lego Movie.csv","male"
"163","Cobie Smulders","Wonder Woman","Lead Ensemble Members","2014_4_The Lego Movie.csv","female"
"164","Martin Freeman","Bilbo","Leading Cast","2014_5_The Hobbit_ The Battle of the Five Armies.csv","male"
"165","Mark Wahlberg","Cade Yeager","Leading Cast","2014_6_Transformers_ Age of Extinction.csv","male"
"166","Nicola Peltz","Tessa Yeager","Leading Cast","2014_6_Transformers_ Age of Extinction.csv","female"
"167","Jack Reynor","Shane Dyson","Leading Cast","2014_6_Transformers_ Age of Extinction.csv","male"
"168","Angelina Jolie","Maleficent","Leading Cast","2014_7_Maleficent.csv","female"
"169","Hugh Jackman","Logan / Wolverine","Leading Cast","2014_8_X-Men_ Days of Future Past.csv","male"
"170","James McAvoy","Charles Xavier / Professor X","Leading Cast","2014_8_X-Men_ Days of Future Past.csv","male"
"171","Michael Fassbender","Erik Lehnsherr / Magneto","Leading Cast","2014_8_X-Men_ Days of Future Past.csv","male"
"172","Patrick Stewart","Charles Xavier / Professor X","Leading Cast","2014_8_X-Men_ Days of Future Past.csv","male"
"173","Jennifer Lawrence","Raven Darkhölme / Mystique","Leading Cast","2014_8_X-Men_ Days of Future Past.csv","female"
"174","Ian McKellen","Erik Lehnsherr / Magneto","Leading Cast","2014_8_X-Men_ Days of Future Past.csv","male"
"175","Scott Adsit","Baymax","Leading Cast","2014_9_Big Hero 6.csv","male"
"176","Ryan Potter","Hiro","Leading Cast","2014_9_Big Hero 6.csv","male"
"177","Adam Driver","Kylo Ren","Leading Cast","2015_0_Star Wars Ep. VII_ The Force Awakens.csv","male"
"178","Daisy Ridley","Rey","Leading Cast","2015_0_Star Wars Ep. VII_ The Force Awakens.csv","female"
"179","John Boyega","Finn","Leading Cast","2015_0_Star Wars Ep. VII_ The Force Awakens.csv","male"
"180","Chris Pratt","Owen Grady","Leading Cast","2015_1_Jurassic World.csv","male"
"181","James Spader","Ultron","Leading Cast","2015_2_Avengers_ Age of Ultron.csv","male"
"182","Robert Downey, Jr.","Tony Stark/Iron Man","Lead Ensemble Members","2015_2_Avengers_ Age of Ultron.csv","male"
"183","Chris Hemsworth","Thor","Lead Ensemble Members","2015_2_Avengers_ Age of Ultron.csv","male"
"184","Mark Ruffalo","Bruce Banner / The Hulk","Lead Ensemble Members","2015_2_Avengers_ Age of Ultron.csv","male"
"185","Chris Evans","Steve Rogers / Captain America","Lead Ensemble Members","2015_2_Avengers_ Age of Ultron.csv","male"
"186","Scarlett Johansson","Natasha Romanoff/Black Widow","Lead Ensemble Members","2015_2_Avengers_ Age of Ultron.csv","female"
"187","Jeremy Renner","Clint Barton/Hawkeye","Lead Ensemble Members","2015_2_Avengers_ Age of Ultron.csv","male"
"188","Samuel L. Jackson","Nick Fury","Lead Ensemble Members","2015_2_Avengers_ Age of Ultron.csv","male"
"189","Aaron Taylor-Johnson","Quicksilver","Lead Ensemble Members","2015_2_Avengers_ Age of Ultron.csv","male"
"190","Elizabeth Olsen","Scarlet Witch","Lead Ensemble Members","2015_2_Avengers_ Age of Ultron.csv","female"
"191","Amy Poehler","Joy","Lead Ensemble Members","2015_3_Inside Out.csv","female"
"192","Phyllis Smith","Sadness","Lead Ensemble Members","2015_3_Inside Out.csv","female"
"193","Bill Hader","Fear","Lead Ensemble Members","2015_3_Inside Out.csv","male"
"194","Lewis Black","Anger","Lead Ensemble Members","2015_3_Inside Out.csv","male"
"195","Mindy Kaling","Disgust","Lead Ensemble Members","2015_3_Inside Out.csv","female"
"196","Vin Diesel","Dominic Toretto","Leading Cast","2015_4_Furious 7.csv","male"
"197","Paul Walker","Brian O'Conner","Leading Cast","2015_4_Furious 7.csv","male"
"198","Steve Carell","Young Gru","Leading Cast","2015_5_Minions.csv","male"
"199","Sandra Bullock","Scarlet Overkill","Leading Cast","2015_5_Minions.csv","female"
"200","Jon Hamm","Herb Overkill","Leading Cast","2015_5_Minions.csv","male"
"201","Jennifer Lawrence","Katniss Everdeen","Leading Cast","2015_6_The Hunger Games_ Mockingjay - Part 2.csv","female"
"202","Matt Damon","Mark Watney","Leading Cast","2015_7_The Martian.csv","male"
"203","Lily James","Ella","Leading Cast","2015_8_Cinderella.csv","female"
"204","Daniel Craig","James Bond","Leading Cast","2015_9_Spectre.csv","male"
"205","Felicity Jones","Jyn Erso","Lead Ensemble Members","2016_0_Rogue One_ A Star Wars Story.csv","female"
"206","Diego Luna","Captain Cassian Andor","Lead Ensemble Members","2016_0_Rogue One_ A Star Wars Story.csv","male"
"207","Ben Mendelsohn","Director Orson Krennic","Lead Ensemble Members","2016_0_Rogue One_ A Star Wars Story.csv","male"
"208","Donnie Yen","Chirrut Imwe","Lead Ensemble Members","2016_0_Rogue One_ A Star Wars Story.csv","female"
"209","Mads Mikkelsen","Galen Erso","Lead Ensemble Members","2016_0_Rogue One_ A Star Wars Story.csv","male"
"210","Alan Tudyk","K-2SO","Lead Ensemble Members","2016_0_Rogue One_ A Star Wars Story.csv","male"
"211","Riz Ahmed","Bodhi Rook","Lead Ensemble Members","2016_0_Rogue One_ A Star Wars Story.csv","male"
"212","Ellen DeGeneres","Dory","Leading Cast","2016_1_Finding Dory.csv","female"
"213","Chris Evans","Steve Rogers/Captain America","Lead Ensemble Members","2016_2_Captain America_ Civil War.csv","male"
"214","Robert Downey, Jr.","Tony Stark/Iron Man","Lead Ensemble Members","2016_2_Captain America_ Civil War.csv","male"
"215","Scarlett Johansson","Natasha Romanoff / Black Widow","Lead Ensemble Members","2016_2_Captain America_ Civil War.csv","female"
"216","Sebastian Stan","Bucky Barnes/Winter Soldier","Lead Ensemble Members","2016_2_Captain America_ Civil War.csv","male"
"217","Jeremy Renner","Clint Barton/Hawkeye","Lead Ensemble Members","2016_2_Captain America_ Civil War.csv","male"
"218","Don Cheadle","James Rhodes/War Machine","Lead Ensemble Members","2016_2_Captain America_ Civil War.csv","male"
"219","Anthony Mackie","Sam Wilson/Falcon","Lead Ensemble Members","2016_2_Captain America_ Civil War.csv","male"
"220","Paul Bettany","Vision","Lead Ensemble Members","2016_2_Captain America_ Civil War.csv","male"
"221","Elizabeth Olsen","Wanda Maximoff/Scarlet Witch","Lead Ensemble Members","2016_2_Captain America_ Civil War.csv","female"
"222","Chadwick Boseman","T'Challa/Black Panther","Lead Ensemble Members","2016_2_Captain America_ Civil War.csv","male"
"223","Louis C.K.","Max","Lead Ensemble Members","2016_3_The Secret Life of Pets.csv","male"
"224","Eric Stonestreet","Duke","Lead Ensemble Members","2016_3_The Secret Life of Pets.csv","male"
"225","Kevin Hart","Snowball","Lead Ensemble Members","2016_3_The Secret Life of Pets.csv","male"
"226","Jenny Slate","Gidget","Lead Ensemble Members","2016_3_The Secret Life of Pets.csv","female"
"227","Ellie Kemper","Katie","Lead Ensemble Members","2016_3_The Secret Life of Pets.csv","female"
"228","Albert Brooks","Tiberius","Lead Ensemble Members","2016_3_The Secret Life of Pets.csv","male"
"229","Lake Bell","Chloe","Lead Ensemble Members","2016_3_The Secret Life of Pets.csv","male"
"230","Dana Carvey","Pops","Lead Ensemble Members","2016_3_The Secret Life of Pets.csv","female"
"231","Hannibal Buress","Buddy","Lead Ensemble Members","2016_3_The Secret Life of Pets.csv","male"
"232","Bobby Moynihan","Mel","Lead Ensemble Members","2016_3_The Secret Life of Pets.csv","male"
"233","Bill Murray","Baloo","Lead Ensemble Members","2016_4_The Jungle Book.csv","male"
"234","Ben Kingsley","Bagheera","Lead Ensemble Members","2016_4_The Jungle Book.csv","male"
"235","Idris Elba","Shere Khan","Lead Ensemble Members","2016_4_The Jungle Book.csv","male"
"236","Lupita Nyong'o","Raksha","Lead Ensemble Members","2016_4_The Jungle Book.csv","female"
"237","Scarlett Johansson","Kaa","Lead Ensemble Members","2016_4_The Jungle Book.csv","female"
"238","Giancarlo Esposito","Akela","Lead Ensemble Members","2016_4_The Jungle Book.csv","male"
"239","Christopher Walken","King Louie","Lead Ensemble Members","2016_4_The Jungle Book.csv","male"
"240","Neel Sethi","Mowgli","Lead Ensemble Members","2016_4_The Jungle Book.csv","male"
"241","Ryan Reynolds","Wade/Deadpool","Leading Cast","2016_5_Deadpool.csv","male"
"242","Ginnifer Goodwin","Judy Hoops","Leading Cast","2016_6_Zootopia.csv","female"
"243","Jason Bateman","Nick Wilde","Leading Cast","2016_6_Zootopia.csv","male"
"244","Henry Cavill","Superman","Leading Cast","2016_7_Batman v Superman_ Dawn of Justice.csv","male"
"245","Ben Affleck","Batman","Leading Cast","2016_7_Batman v Superman_ Dawn of Justice.csv","male"
"246","Amy Adams","Lois Lane","Leading Cast","2016_7_Batman v Superman_ Dawn of Justice.csv","female"
"247","Gal Gadot","Wonder Woman","Leading Cast","2016_7_Batman v Superman_ Dawn of Justice.csv","male"
"248","Will Smith","Deadshot","Lead Ensemble Members","2016_8_Suicide Squad.csv","male"
"249","Jared Leto","Joker","Lead Ensemble Members","2016_8_Suicide Squad.csv","male"
"250","Margot Robbie","Harley Quinn","Lead Ensemble Members","2016_8_Suicide Squad.csv","female"
"251","Joel Kinnaman","Rick Flag","Lead Ensemble Members","2016_8_Suicide Squad.csv","male"
"252","Viola Davis","Amanda Waller","Lead Ensemble Members","2016_8_Suicide Squad.csv","female"
"253","Jai Courtney","Boomerang","Lead Ensemble Members","2016_8_Suicide Squad.csv","male"
"254","Jay Hernandez","Diablo","Lead Ensemble Members","2016_8_Suicide Squad.csv","male"
"255","Adewale Akinnuoye-Agbaje","Killer Croc","Lead Ensemble Members","2016_8_Suicide Squad.csv","male"
"256","Ike Barinholtz","Griggs","Lead Ensemble Members","2016_8_Suicide Squad.csv","male"
"257","Scott Eastwood","Lieutenant GQ Edwards","Lead Ensemble Members","2016_8_Suicide Squad.csv","male"
"258","Cara Delevingne","June Moone/Enchantress","Lead Ensemble Members","2016_8_Suicide Squad.csv","female"
"259","Karen Fukuhara","Katana","Lead Ensemble Members","2016_8_Suicide Squad.csv","female"
"260","Adam Beach","Slipknot","Lead Ensemble Members","2016_8_Suicide Squad.csv","male"
"261","Matthew McConaughey","Buster Moon","Lead Ensemble Members","2016_9_Sing.csv","male"
"262","Reese Witherspoon","Rosita","Lead Ensemble Members","2016_9_Sing.csv","female"
"263","Seth MacFarlane","Mike","Lead Ensemble Members","2016_9_Sing.csv","male"
"264","Tori Kelly","Meena","Lead Ensemble Members","2016_9_Sing.csv","female"
"265","John C. Reilly","Eddie","Lead Ensemble Members","2016_9_Sing.csv","male"
"266","Taron Egerton","Johnny","Lead Ensemble Members","2016_9_Sing.csv","male"
"267","Scarlett Johansson","Ash","Lead Ensemble Members","2016_9_Sing.csv","female"
"268","Mark Hamill","Luke Skywalker","Lead Ensemble Members","2017_0_Star Wars Ep. VIII_ The Last Jedi.csv","male"
"269","Carrie Fisher","General Leia Organa","Lead Ensemble Members","2017_0_Star Wars Ep. VIII_ The Last Jedi.csv","female"
"270","Adam Driver","Kylo Ren","Lead Ensemble Members","2017_0_Star Wars Ep. VIII_ The Last Jedi.csv","male"
"271","Daisy Ridley","Rey","Lead Ensemble Members","2017_0_Star Wars Ep. VIII_ The Last Jedi.csv","female"
"272","John Boyega","Finn","Lead Ensemble Members","2017_0_Star Wars Ep. VIII_ The Last Jedi.csv","male"
"273","Oscar Isaac","Poe Dameron","Lead Ensemble Members","2017_0_Star Wars Ep. VIII_ The Last Jedi.csv","male"
"274","Domhnall Gleeson","General Hux","Lead Ensemble Members","2017_0_Star Wars Ep. VIII_ The Last Jedi.csv","male"
"275","Anthony Daniels","C-3PO","Lead Ensemble Members","2017_0_Star Wars Ep. VIII_ The Last Jedi.csv","male"
"276","Gwendoline Christie","Captain Phasma","Lead Ensemble Members","2017_0_Star Wars Ep. VIII_ The Last Jedi.csv","female"
"277","Kelly Marie Tran","Rose Tico","Lead Ensemble Members","2017_0_Star Wars Ep. VIII_ The Last Jedi.csv","female"
"278","Benicio del Toro","DJ","Lead Ensemble Members","2017_0_Star Wars Ep. VIII_ The Last Jedi.csv","male"
"279","Emma Watson","Belle","Lead Ensemble Members","2017_1_Beauty and the Beast.csv","female"
"280","Dan Stevens","Beast / Prince","Lead Ensemble Members","2017_1_Beauty and the Beast.csv","male"
"281","Luke Evans","Gaston","Lead Ensemble Members","2017_1_Beauty and the Beast.csv","male"
"282","Kevin Kline","Maurice","Lead Ensemble Members","2017_1_Beauty and the Beast.csv","male"
"283","Josh Gad","Le Fou","Lead Ensemble Members","2017_1_Beauty and the Beast.csv","male"
"284","Ewan McGregor","Lumiere","Lead Ensemble Members","2017_1_Beauty and the Beast.csv","male"
"285","Stanley Tucci","Cadenza","Lead Ensemble Members","2017_1_Beauty and the Beast.csv","male"
"286","Audra McDonald","Madame De Garderobe","Lead Ensemble Members","2017_1_Beauty and the Beast.csv","female"
"287","Gugu Mbatha-Raw","Plumette","Lead Ensemble Members","2017_1_Beauty and the Beast.csv","female"
"288","Ian McKellen","Cogsworth","Lead Ensemble Members","2017_1_Beauty and the Beast.csv","male"
"289","Emma Thompson","Mrs. Potts","Lead Ensemble Members","2017_1_Beauty and the Beast.csv","female"
"290","Gal Gadot","Diana/Wonder Woman","Leading Cast","2017_2_Wonder Woman.csv","male"
"291","Chris Pine","Steve Trevor","Leading Cast","2017_2_Wonder Woman.csv","male"
"292","Dwayne Johnson","Dr. Smolder Bravestone/Spencer's Avatar","Lead Ensemble Members","2017_3_Jumanji_ Welcome to the Jungle.csv","male"
"293","Jack Black","Professor Sheldon ""Shelly"" Oberon/Bethany's Avatar","Lead Ensemble Members","2017_3_Jumanji_ Welcome to the Jungle.csv","male"
"294","Kevin Hart","Franklin ""Moose"" Finbar/Fridge's Avatar","Lead Ensemble Members","2017_3_Jumanji_ Welcome to the Jungle.csv","male"
"295","Karen Gillan","Ruby Roundhouse/Martha's Avatar","Lead Ensemble Members","2017_3_Jumanji_ Welcome to the Jungle.csv","female"
"296","Nick Jonas","Jefferson ""Seaplane"" McDonough/Avatar of Alex Vreeke","Lead Ensemble Members","2017_3_Jumanji_ Welcome to the Jungle.csv","male"
"297","Chris Pratt","Peter Quill/Star-Lord","Lead Ensemble Members","2017_4_Guardians of the Galaxy Vol 2.csv","male"
"298","Zoe Saldana","Gamora","Lead Ensemble Members","2017_4_Guardians of the Galaxy Vol 2.csv","female"
"299","Dave Bautista","Drax the Destroyer","Lead Ensemble Members","2017_4_Guardians of the Galaxy Vol 2.csv","male"
"300","Vin Diesel","Baby Groot","Lead Ensemble Members","2017_4_Guardians of the Galaxy Vol 2.csv","male"
"301","Bradley Cooper","Rocket","Lead Ensemble Members","2017_4_Guardians of the Galaxy Vol 2.csv","male"
"302","Michael Rooker","Yondu Udonta","Lead Ensemble Members","2017_4_Guardians of the Galaxy Vol 2.csv","male"
"303","Kurt Russell","Ego","Lead Ensemble Members","2017_4_Guardians of the Galaxy Vol 2.csv","male"
"304","Karen Gillan","Nebula","Lead Ensemble Members","2017_4_Guardians of the Galaxy Vol 2.csv","female"
"305","Pom Klementieff","Mantis","Lead Ensemble Members","2017_4_Guardians of the Galaxy Vol 2.csv","male"
"306","Elizabeth Debicki","Ayesha","Lead Ensemble Members","2017_4_Guardians of the Galaxy Vol 2.csv","female"
"307","Tom Holland","Peter Parker / Spider-Man","Lead Ensemble Members","2017_5_Spider-Man_ Homecoming.csv","male"
"308","Michael Keaton","Adrian Toomes/Vulture","Lead Ensemble Members","2017_5_Spider-Man_ Homecoming.csv","male"
"309","Zendaya","Michelle","Lead Ensemble Members","2017_5_Spider-Man_ Homecoming.csv","female"
"310","Jon Favreau","Happy Hogan","Lead Ensemble Members","2017_5_Spider-Man_ Homecoming.csv","male"
"311","Marisa Tomei","Aunt May","Lead Ensemble Members","2017_5_Spider-Man_ Homecoming.csv","female"
"312","Robert Downey, Jr.","Tony Stark/Iron Man","Lead Ensemble Members","2017_5_Spider-Man_ Homecoming.csv","male"
"313","Jaeden Lieberher","Bill Denbrough","Leading Cast","2017_6_It.csv","male"
"314","Bill Skarsgård","Pennywise","Leading Cast","2017_6_It.csv","male"
"315","Chris Hemsworth","Thor","Lead Ensemble Members","2017_7_Thor_ Ragnarok.csv","male"
"316","Tom Hiddleston","Loki","Lead Ensemble Members","2017_7_Thor_ Ragnarok.csv","male"
"317","Cate Blanchett","Hela","Lead Ensemble Members","2017_7_Thor_ Ragnarok.csv","female"
"318","Idris Elba","Heimdall","Lead Ensemble Members","2017_7_Thor_ Ragnarok.csv","male"
"319","Jeff Goldblum","Grandmaster","Lead Ensemble Members","2017_7_Thor_ Ragnarok.csv","male"
"320","Tessa Thompson","Valkyrie","Lead Ensemble Members","2017_7_Thor_ Ragnarok.csv","female"
"321","Karl Urban","Skurge","Lead Ensemble Members","2017_7_Thor_ Ragnarok.csv","male"
"322","Mark Ruffalo","Bruce Banner/Hulk","Lead Ensemble Members","2017_7_Thor_ Ragnarok.csv","male"
"323","Anthony Hopkins","Odin","Lead Ensemble Members","2017_7_Thor_ Ragnarok.csv","male"
"324","Steve Carell","Gru / Dru","Leading Cast","2017_8_Despicable Me 3.csv","male"
"325","Kristen Wiig","Lucy Wilde","Leading Cast","2017_8_Despicable Me 3.csv","female"
"326","Trey Parker","Balthazar Bratt","Leading Cast","2017_8_Despicable Me 3.csv","male"
"327","Ben Affleck","Bruce Wayne / Batman","Lead Ensemble Members","2017_9_Justice League.csv","male"
"328","Henry Cavill","Kal-El / Clark Kent / Superman","Lead Ensemble Members","2017_9_Justice League.csv","male"
"329","Gal Gadot","Diana Prince / Wonder Woman","Lead Ensemble Members","2017_9_Justice League.csv","male"
"330","Jason Momoa","Aquaman","Lead Ensemble Members","2017_9_Justice League.csv","male"
"331","Ezra Miller","Barry Allen / Flash","Lead Ensemble Members","2017_9_Justice League.csv","male"
"332","Ray Fisher","Victor Stone / Cyborg","Lead Ensemble Members","2017_9_Justice League.csv","male"
"333","Chadwick Boseman","T’Challa/Black Panther","Lead Ensemble Members","2018_0_Black Panther.csv","male"
"334","Michael B. Jordan","Erik Killmonger","Lead Ensemble Members","2018_0_Black Panther.csv","male"
"335","Lupita Nyong'o","Nakia","Lead Ensemble Members","2018_0_Black Panther.csv","female"
"336","Danai Gurira","Okoye","Lead Ensemble Members","2018_0_Black Panther.csv","female"
"337","Martin Freeman","Everett K. Ross","Lead Ensemble Members","2018_0_Black Panther.csv","male"
"338","Angela Bassett","Ramonda","Lead Ensemble Members","2018_0_Black Panther.csv","female"
"339","Forest Whitaker","Zuri","Lead Ensemble Members","2018_0_Black Panther.csv","male"
"340","Andy Serkis","Ulysses Klaue","Lead Ensemble Members","2018_0_Black Panther.csv","male"
"341","Daniel Kaluuya","W’Kabi","Lead Ensemble Members","2018_0_Black Panther.csv","male"
"342","Letitia Wright","Shuri","Lead Ensemble Members","2018_0_Black Panther.csv","female"
"343","Robert Downey, Jr.","Tony Stark/Iron Man","Lead Ensemble Members","2018_1_Avengers_ Infinity War.csv","male"
"344","Chris Hemsworth","Thor","Lead Ensemble Members","2018_1_Avengers_ Infinity War.csv","male"
"345","Mark Ruffalo","Bruce Banner/Hulk","Lead Ensemble Members","2018_1_Avengers_ Infinity War.csv","male"
"346","Chris Evans","Steve Rogers","Lead Ensemble Members","2018_1_Avengers_ Infinity War.csv","male"
"347","Scarlett Johansson","Natasha Romanoff/Black Widow","Lead Ensemble Members","2018_1_Avengers_ Infinity War.csv","female"
"348","Benedict Cumberbatch","Stephen Strange","Lead Ensemble Members","2018_1_Avengers_ Infinity War.csv","male"
"349","Don Cheadle","James Rhodes / War Machine","Lead Ensemble Members","2018_1_Avengers_ Infinity War.csv","male"
"350","Tom Holland","Peter Parker/Spider-Man","Lead Ensemble Members","2018_1_Avengers_ Infinity War.csv","male"
"351","Chadwick Boseman","T'Challa / Black Panther","Lead Ensemble Members","2018_1_Avengers_ Infinity War.csv","male"
"352","Paul Bettany","Vision","Lead Ensemble Members","2018_1_Avengers_ Infinity War.csv","male"
"353","Elizabeth Olsen","Wanda Maximoff/Scarlet Witch","Lead Ensemble Members","2018_1_Avengers_ Infinity War.csv","female"
"354","Sebastian Stan","Bucky Barnes/Winter Soldier","Lead Ensemble Members","2018_1_Avengers_ Infinity War.csv","male"
"355","Danai Gurira","Okoye","Lead Ensemble Members","2018_1_Avengers_ Infinity War.csv","female"
"356","Letitia Wright","Shuri","Lead Ensemble Members","2018_1_Avengers_ Infinity War.csv","female"
"357","Dave Bautista","Drax the Destroyer","Lead Ensemble Members","2018_1_Avengers_ Infinity War.csv","male"
"358","Zoe Saldana","Gamora","Lead Ensemble Members","2018_1_Avengers_ Infinity War.csv","female"
"359","Josh Brolin","Thanos","Lead Ensemble Members","2018_1_Avengers_ Infinity War.csv","male"
"360","Chris Pratt","Peter Quill/Star-Lord","Lead Ensemble Members","2018_1_Avengers_ Infinity War.csv","male"
"361","Benedict Wong","Wong","Lead Ensemble Members","2018_1_Avengers_ Infinity War.csv","male"
"362","Pom Klementieff","Mantis","Lead Ensemble Members","2018_1_Avengers_ Infinity War.csv","male"
"363","Karen Gillan","Nebula","Lead Ensemble Members","2018_1_Avengers_ Infinity War.csv","female"
"364","Vin Diesel","Groot","Lead Ensemble Members","2018_1_Avengers_ Infinity War.csv","male"
"365","Bradley Cooper","Rocket Raccoon","Lead Ensemble Members","2018_1_Avengers_ Infinity War.csv","male"
"366","Craig T. Nelson","Bob Parr / Mr. Incredible","Lead Ensemble Members","2018_2_Incredibles 2.csv","male"
"367","Holly Hunter","Helen Parr / Elastigirl","Lead Ensemble Members","2018_2_Incredibles 2.csv","female"
"368","Sarah Vowell","Violet Parr","Lead Ensemble Members","2018_2_Incredibles 2.csv","female"
"369","Huckleberry Milner","Dashiell “Dash” Robert Parr","Lead Ensemble Members","2018_2_Incredibles 2.csv","male"
"370","Samuel L. Jackson","Lucius Best / Frozone","Lead Ensemble Members","2018_2_Incredibles 2.csv","male"
"371","Chris Pratt","Owen Grady","Leading Cast","2018_3_Jurassic World_ Fallen Kingdom.csv","male"
"372","Bryce Dallas Howard","Claire Dearing","Leading Cast","2018_3_Jurassic World_ Fallen Kingdom.csv","male"
"373","Jason Momoa","Arthur Curry/Aquaman","Lead Ensemble Members","2018_4_Aquaman.csv","male"
"374","Amber Heard","Mera","Lead Ensemble Members","2018_4_Aquaman.csv","female"
"375","Willem Dafoe","Dr. Nuidis Vulko","Lead Ensemble Members","2018_4_Aquaman.csv","male"
"376","Patrick Wilson","Orm Marius / Ocean Master","Lead Ensemble Members","2018_4_Aquaman.csv","male"
"377","Nicole Kidman","Atlanna","Lead Ensemble Members","2018_4_Aquaman.csv","female"
"378","Dolph Lundgren","Nereus","Lead Ensemble Members","2018_4_Aquaman.csv","male"
"379","Yahya Abdul-Mateen II","David Hyde / Black Manta","Lead Ensemble Members","2018_4_Aquaman.csv","male"
"380","Ryan Reynolds","Wade Wilson / Deadpool","Lead Ensemble Members","2018_5_Deadpool 2.csv","male"
"381","Josh Brolin","Nathan Summers/Cable","Lead Ensemble Members","2018_5_Deadpool 2.csv","male"
"382","Morena Baccarin","Vanessa","Lead Ensemble Members","2018_5_Deadpool 2.csv","female"
"383","T.J. Miller","Weasel","Lead Ensemble Members","2018_5_Deadpool 2.csv","male"
"384","Leslie Uggams","Blind Al","Lead Ensemble Members","2018_5_Deadpool 2.csv","female"
"385","Brianna Hildebrand","Negasonic Teenage Warhead","Lead Ensemble Members","2018_5_Deadpool 2.csv","female"
"386","Stefan Kapicic","Colossus","Lead Ensemble Members","2018_5_Deadpool 2.csv","male"
"387","Zazie Beetz","Neena Thurman/Domino","Lead Ensemble Members","2018_5_Deadpool 2.csv","female"
"388","Karan Soni","Dopinder","Lead Ensemble Members","2018_5_Deadpool 2.csv","male"
"389","Benedict Cumberbatch","Grinch","Leading Cast","2018_6_Dr. Seuss’ The Grinch.csv","male"
"390","Tom Cruise","Ethan Hunt","Lead Ensemble Members","2018_7_Mission_ Impossible—Fallout.csv","male"
"391","Henry Cavill","August Walker","Lead Ensemble Members","2018_7_Mission_ Impossible—Fallout.csv","male"
"392","Ving Rhames","Luther Stickell","Lead Ensemble Members","2018_7_Mission_ Impossible—Fallout.csv","male"
"393","Simon Pegg","Benjamin “Benji” Dunn","Lead Ensemble Members","2018_7_Mission_ Impossible—Fallout.csv","male"
"394","Rebecca Ferguson","Ilsa Faust","Lead Ensemble Members","2018_7_Mission_ Impossible—Fallout.csv","female"
"395","Sean Harris","Solomon Lane","Lead Ensemble Members","2018_7_Mission_ Impossible—Fallout.csv","male"
"396","Angela Bassett","Erica Sloan","Lead Ensemble Members","2018_7_Mission_ Impossible—Fallout.csv","female"
"397","Michelle Monaghan","Julia Meade-Hunt","Lead Ensemble Members","2018_7_Mission_ Impossible—Fallout.csv","female"
"398","Alec Baldwin","Secretary Alan Hunley","Lead Ensemble Members","2018_7_Mission_ Impossible—Fallout.csv","male"
"399","Paul Rudd","Scott Lang/Ant-Man","Lead Ensemble Members","2018_8_Ant-Man and the Wasp.csv","male"
"400","Evangeline Lilly","Hope van Dyne/The Wasp","Lead Ensemble Members","2018_8_Ant-Man and the Wasp.csv","female"
"401","Michael Peña","Luis","Lead Ensemble Members","2018_8_Ant-Man and the Wasp.csv","male"
"402","Walton Goggins","Sonny Burch","Lead Ensemble Members","2018_8_Ant-Man and the Wasp.csv","male"
"403","Hannah John-Kamen","Ava Starr/Ghost","Lead Ensemble Members","2018_8_Ant-Man and the Wasp.csv","female"
"404","Michelle Pfeiffer","Janet van Dyne","Lead Ensemble Members","2018_8_Ant-Man and the Wasp.csv","female"
"405","Laurence Fishburne","Dr. Bill Foster/Goliath","Lead Ensemble Members","2018_8_Ant-Man and the Wasp.csv","female"
"406","Michael Douglas","Dr. Hank Pym","Lead Ensemble Members","2018_8_Ant-Man and the Wasp.csv","male"
"407","Rami Malek","Freddie Mercury","Leading Cast","2018_9_Bohemian Rhapsody.csv","male"
"408","Robert Downey, Jr.","Tony Stark/Iron Man","Lead Ensemble Members","2019_0_Avengers_ Endgame.csv","male"
"409","Chris Evans","Steve Rogers/Captain America","Lead Ensemble Members","2019_0_Avengers_ Endgame.csv","male"
"410","Mark Ruffalo","Bruce Banner/Hulk","Lead Ensemble Members","2019_0_Avengers_ Endgame.csv","male"
"411","Chris Hemsworth","Thor","Lead Ensemble Members","2019_0_Avengers_ Endgame.csv","male"
"412","Scarlett Johansson","Natasha Romanoff/Black Widow","Lead Ensemble Members","2019_0_Avengers_ Endgame.csv","female"
"413","Jeremy Renner","Clint Barton/Hawkeye","Lead Ensemble Members","2019_0_Avengers_ Endgame.csv","male"
"414","Don Cheadle","James “Rhodey” Rhodes/War Machine","Lead Ensemble Members","2019_0_Avengers_ Endgame.csv","male"
"415","Paul Rudd","Scott Lang/Ant-Man","Lead Ensemble Members","2019_0_Avengers_ Endgame.csv","male"
"416","Brie Larson","Carol Danvers/Captain Marvel","Lead Ensemble Members","2019_0_Avengers_ Endgame.csv","female"
"417","Karen Gillan","Nebula","Lead Ensemble Members","2019_0_Avengers_ Endgame.csv","female"
"418","Danai Gurira","Okoye","Lead Ensemble Members","2019_0_Avengers_ Endgame.csv","female"
"419","Bradley Cooper","Rocket","Lead Ensemble Members","2019_0_Avengers_ Endgame.csv","male"
"420","Josh Brolin","Thanos","Lead Ensemble Members","2019_0_Avengers_ Endgame.csv","male"
"421","Benedict Wong","Wong","Lead Ensemble Members","2019_0_Avengers_ Endgame.csv","male"
"422","Jon Favreau","Happy Hogan","Lead Ensemble Members","2019_0_Avengers_ Endgame.csv","male"
"423","Gwyneth Paltrow","Pepper Potts","Lead Ensemble Members","2019_0_Avengers_ Endgame.csv","female"
"424","Evangeline Lilly","Hope van Dyne/The Wasp","Lead Ensemble Members","2019_0_Avengers_ Endgame.csv","female"
"425","Benedict Cumberbatch","Dr. Stephen Strange","Lead Ensemble Members","2019_0_Avengers_ Endgame.csv","male"
"426","Tom Holland","Peter Parker/Spider-Man","Lead Ensemble Members","2019_0_Avengers_ Endgame.csv","male"
"427","Chris Pratt","Peter Quill/Star-Lord","Lead Ensemble Members","2019_0_Avengers_ Endgame.csv","male"
"428","Dave Bautista","Drax the Destroyer","Lead Ensemble Members","2019_0_Avengers_ Endgame.csv","male"
"429","Sebastian Stan","Bucky Barnes/Winter Soldier","Lead Ensemble Members","2019_0_Avengers_ Endgame.csv","male"
"430","Terry Notary","Groot","Lead Ensemble Members","2019_0_Avengers_ Endgame.csv","male"
"431","Anthony Mackie","Sam Wilson/Falcon","Lead Ensemble Members","2019_0_Avengers_ Endgame.csv","male"
"432","Tom Hiddleston","Loki","Lead Ensemble Members","2019_0_Avengers_ Endgame.csv","male"
"433","Letitia Wright","Shuri","Lead Ensemble Members","2019_0_Avengers_ Endgame.csv","female"
"434","Samuel L. Jackson","Nick Fury","Lead Ensemble Members","2019_0_Avengers_ Endgame.csv","male"
"435","Pom Klementieff","Mantis","Lead Ensemble Members","2019_0_Avengers_ Endgame.csv","male"
"436","Paul Bettany","Vision","Lead Ensemble Members","2019_0_Avengers_ Endgame.csv","male"
"437","Elizabeth Olsen","Wanda Maximoff/Scarlet Witch","Lead Ensemble Members","2019_0_Avengers_ Endgame.csv","female"
"438","Zoe Saldana","Gamora","Lead Ensemble Members","2019_0_Avengers_ Endgame.csv","female"
"439","Chadwick Boseman","T’Challa/Black Panther","Lead Ensemble Members","2019_0_Avengers_ Endgame.csv","male"
"440","Donald Glover","Simba","Lead Ensemble Members","2019_1_The Lion King.csv","male"
"441","Beyoncé Knowles","Nala","Lead Ensemble Members","2019_1_The Lion King.csv","female"
"442","James Earl Jones","Mufasa","Lead Ensemble Members","2019_1_The Lion King.csv","male"
"443","Chiwetel Ejiofor","Scar","Lead Ensemble Members","2019_1_The Lion King.csv","male"
"444","Billy Eichner","Timon","Lead Ensemble Members","2019_1_The Lion King.csv","male"
"445","Seth Rogen","Pumbaa","Lead Ensemble Members","2019_1_The Lion King.csv","male"
"446","John Oliver","Zazu","Lead Ensemble Members","2019_1_The Lion King.csv","male"
"447","Keegan-Michael Key","Kamari","Lead Ensemble Members","2019_1_The Lion King.csv","male"
"448","John Kani","Rafiki","Lead Ensemble Members","2019_1_The Lion King.csv","male"
"449","Alfre Woodard","Sarabi","Lead Ensemble Members","2019_1_The Lion King.csv","male"
"450","Eric Andre","Azizi","Lead Ensemble Members","2019_1_The Lion King.csv","male"
"451","Florence Kasumba","Shenzi","Lead Ensemble Members","2019_1_The Lion King.csv","female"
"452","JD McCrary","Young Simba","Lead Ensemble Members","2019_1_The Lion King.csv","male"
"453","Shahadi Wright Joseph","Young Nala","Lead Ensemble Members","2019_1_The Lion King.csv","male"
"454","Mark Hamill","Luke Skywalker","Lead Ensemble Members","2019_2_Star Wars_ The Rise of Skywalker.csv","male"
"455","Adam Driver","Kylo Ren","Lead Ensemble Members","2019_2_Star Wars_ The Rise of Skywalker.csv","male"
"456","Daisy Ridley","Rey","Lead Ensemble Members","2019_2_Star Wars_ The Rise of Skywalker.csv","female"
"457","John Boyega","Finn","Lead Ensemble Members","2019_2_Star Wars_ The Rise of Skywalker.csv","male"
"458","Oscar Isaac","Poe Dameron","Lead Ensemble Members","2019_2_Star Wars_ The Rise of Skywalker.csv","male"
"459","Lupita Nyong'o","Maz Kanata","Lead Ensemble Members","2019_2_Star Wars_ The Rise of Skywalker.csv","female"
"460","Keri Russell","Zorii Bliss","Lead Ensemble Members","2019_2_Star Wars_ The Rise of Skywalker.csv","female"
"461","Joonas Suotamo","Chewbacca","Lead Ensemble Members","2019_2_Star Wars_ The Rise of Skywalker.csv","male"
"462","Anthony Daniels","C-3PO","Lead Ensemble Members","2019_2_Star Wars_ The Rise of Skywalker.csv","male"
"463","Jimmy Vee","R2-D2","Lead Ensemble Members","2019_2_Star Wars_ The Rise of Skywalker.csv","male"
"464","Kristen Bell","Anna","Leading Cast","2019_3_Frozen II.csv","female"
"465","Idina Menzel","Elsa","Leading Cast","2019_3_Frozen II.csv","female"
"466","Josh Gad","Olaf","Leading Cast","2019_3_Frozen II.csv","male"
"467","Tom Hanks","Woody","Lead Ensemble Members","2019_4_Toy Story 4.csv","male"
"468","Tim Allen","Buzz Lightyear","Lead Ensemble Members","2019_4_Toy Story 4.csv","male"
"469","Annie Potts","Bo Peep","Lead Ensemble Members","2019_4_Toy Story 4.csv","female"
"470","Tony Hale","Forky","Lead Ensemble Members","2019_4_Toy Story 4.csv","male"
"471","Keegan-Michael Key","Ducky","Lead Ensemble Members","2019_4_Toy Story 4.csv","male"
"472","Jordan Peele","Bunny","Lead Ensemble Members","2019_4_Toy Story 4.csv","male"
"473","Christina Hendricks","Gabby Gabby","Lead Ensemble Members","2019_4_Toy Story 4.csv","female"
"474","Brie Larson","Carol Danvers/Vers/Captain Marvel","Lead Ensemble Members","2019_5_Captain Marvel.csv","female"
"475","Samuel L. Jackson","Nick Fury","Lead Ensemble Members","2019_5_Captain Marvel.csv","male"
"476","Ben Mendelsohn","Talos/Keller","Lead Ensemble Members","2019_5_Captain Marvel.csv","male"
"477","Djimon Hounsou","Korath the Pursuer","Lead Ensemble Members","2019_5_Captain Marvel.csv","male"
"478","Lee Pace","Ronan the Accuser","Lead Ensemble Members","2019_5_Captain Marvel.csv","female"
"479","Lashana Lynch","Maria Rambeau","Lead Ensemble Members","2019_5_Captain Marvel.csv","female"
"480","Gemma Chan","Minn-Erva","Lead Ensemble Members","2019_5_Captain Marvel.csv","female"
"481","Annette Bening","Supreme Intelligence","Lead Ensemble Members","2019_5_Captain Marvel.csv","female"
"482","Clark Gregg","Agent Phil Coulson","Lead Ensemble Members","2019_5_Captain Marvel.csv","male"
"483","Tom Holland","Peter Parker/Spider-Man","Leading Cast","2019_6_Spider-Man_ Far From Home.csv","male"
"484","Samuel L. Jackson","Nick Fury","Leading Cast","2019_6_Spider-Man_ Far From Home.csv","male"
"485","Zendaya","Michelle “MJ” Jones","Leading Cast","2019_6_Spider-Man_ Far From Home.csv","female"
"486","Jake Gyllenhaal","Quentin Beck/Mysterio","Leading Cast","2019_6_Spider-Man_ Far From Home.csv","male"
"487","Mena Massoud","Aladdin","Lead Ensemble Members","2019_7_Aladdin.csv","female"
"488","Naomi Scott","Jasmine","Lead Ensemble Members","2019_7_Aladdin.csv","female"
"489","Will Smith","Genie","Lead Ensemble Members","2019_7_Aladdin.csv","male"
"490","Marwan Kenzari","Jafar","Lead Ensemble Members","2019_7_Aladdin.csv","male"
"491","Navid Negahban","Sultan","Lead Ensemble Members","2019_7_Aladdin.csv","male"
"492","Joaquin Phoenix","Arthur Fleck/Joker","Leading Cast","2019_8_Joker.csv","male"
"493","Dwayne Johnson","Bravestone","Lead Ensemble Members","2019_9_Jumanji_ The Next Level.csv","male"
"494","Karen Gillan","Ruby","Lead Ensemble Members","2019_9_Jumanji_ The Next Level.csv","female"
"495","Jack Black","Oberon","Lead Ensemble Members","2019_9_Jumanji_ The Next Level.csv","male"
"496","Kevin Hart","Mouse","Lead Ensemble Members","2019_9_Jumanji_ The Next Level.csv","male"
"497","Nick Jonas","Seaplane","Lead Ensemble Members","2019_9_Jumanji_ The Next Level.csv","male"
"498","Awkwafina","Ming","Lead Ensemble Members","2019_9_Jumanji_ The Next Level.csv","female"
"499","Will Smith","Detective Mike Lowrey","Leading Cast","2020_0_Bad Boys For Life.csv","male"
"500","Martin Lawrence","Detective Marcus Burnett","Leading Cast","2020_0_Bad Boys For Life.csv","male"
"501","Ben Schwartz","Sonic the Hedgehog","Leading Cast","2020_1_Sonic The Hedgehog.csv","male"
"502","Jim Carrey","Dr. Ivo Robotnik","Leading Cast","2020_1_Sonic The Hedgehog.csv","male"
"503","Margot Robbie","Harley Quinn","Lead Ensemble Members","2020_2_Birds of Prey (And the Fantabulous Emancipation….csv","female"
"504","Mary Elizabeth Winstead","Helena Bertinelli/Huntress","Lead Ensemble Members","2020_2_Birds of Prey (And the Fantabulous Emancipation….csv","female"
"505","Jurnee Smollett","Dinah Lance/Black Canary","Lead Ensemble Members","2020_2_Birds of Prey (And the Fantabulous Emancipation….csv","female"
"506","Rosie Perez","Renee Montoya","Lead Ensemble Members","2020_2_Birds of Prey (And the Fantabulous Emancipation….csv","female"
"507","Chris Messina","Victor Zsasz","Lead Ensemble Members","2020_2_Birds of Prey (And the Fantabulous Emancipation….csv","male"
"508","Ella Jay Basco","Cassandra Cain","Lead Ensemble Members","2020_2_Birds of Prey (And the Fantabulous Emancipation….csv","female"
"509","Ali Wong","Ellen Yee","Lead Ensemble Members","2020_2_Birds of Prey (And the Fantabulous Emancipation….csv","male"
"510","Ewan McGregor","Roman Sionis","Lead Ensemble Members","2020_2_Birds of Prey (And the Fantabulous Emancipation….csv","male"
"511","Robert Downey, Jr.","Doctor John Dolittle","Lead Ensemble Members","2020_3_Dolittle.csv","male"
"512","Emma Thompson","Polynesia","Lead Ensemble Members","2020_3_Dolittle.csv","female"
"513","Rami Malek","Chee-Chee","Lead Ensemble Members","2020_3_Dolittle.csv","male"
"514","John Cena","Yoshi","Lead Ensemble Members","2020_3_Dolittle.csv","male"
"515","Kumail Nanjiani","Plimpton","Lead Ensemble Members","2020_3_Dolittle.csv","male"
"516","Octavia Spencer","Dab-Dab","Lead Ensemble Members","2020_3_Dolittle.csv","female"
"517","Tom Holland","Jip","Lead Ensemble Members","2020_3_Dolittle.csv","male"
"518","Craig Robinson","Kevin","Lead Ensemble Members","2020_3_Dolittle.csv","male"
"519","Ralph Fiennes","Barry","Lead Ensemble Members","2020_3_Dolittle.csv","male"
"520","Selena Gomez","Betsy","Lead Ensemble Members","2020_3_Dolittle.csv","female"
"521","Marion Cotillard","Tutu","Lead Ensemble Members","2020_3_Dolittle.csv","female"
"522","Elisabeth Moss","Cecilia Kass","Leading Cast","2020_4_The Invisible Man.csv","female"
"523","Oliver Jackson-Cohen","Adrian Griffin","Leading Cast","2020_4_The Invisible Man.csv","male"
"524","Harrison Ford","John Thornton","Leading Cast","2020_5_The Call of the Wild.csv","male"
"525","Chris Pratt","Barley Lightfoot","Lead Ensemble Members","2020_6_Onward.csv","male"
"526","Tom Holland","Ian Lightfoot","Lead Ensemble Members","2020_6_Onward.csv","male"
"527","Julia Louis-Dreyfus","Laurel Lightfoot","Lead Ensemble Members","2020_6_Onward.csv","female"
"528","Octavia Spencer","Corey","Lead Ensemble Members","2020_6_Onward.csv","female"
"529","Lena Waithe","Specter","Lead Ensemble Members","2020_6_Onward.csv","female"
"530","Ali Wong","Gore","Lead Ensemble Members","2020_6_Onward.csv","male"
"531","Mel Rodriguez","Colt Bronco","Lead Ensemble Members","2020_6_Onward.csv","female"
"532","Nicolas Cage","Grug","Lead Ensemble Members","2020_7_The Croods_ A New Age.csv","male"
"533","Emma Stone","Eep","Lead Ensemble Members","2020_7_The Croods_ A New Age.csv","female"
"534","Ryan Reynolds","Guy","Lead Ensemble Members","2020_7_The Croods_ A New Age.csv","male"
"535","Catherine Keener","Ugga","Lead Ensemble Members","2020_7_The Croods_ A New Age.csv","female"
"536","Cloris Leachman","Gran","Lead Ensemble Members","2020_7_The Croods_ A New Age.csv","female"
"537","Clark Duke","Thunk","Lead Ensemble Members","2020_7_The Croods_ A New Age.csv","male"
"538","Leslie Mann","Hope Betterman","Lead Ensemble Members","2020_7_The Croods_ A New Age.csv","female"
"539","Peter Dinklage","Phil Betterman","Lead Ensemble Members","2020_7_The Croods_ A New Age.csv","male"
"540","Kelly Marie Tran","Dawn Betterman","Lead Ensemble Members","2020_7_The Croods_ A New Age.csv","female"
"541","John David Washington","“The Protagonist”","Lead Ensemble Members","2020_8_Tenet.csv","male"
"542","Robert Pattinson","Neil","Lead Ensemble Members","2020_8_Tenet.csv","male"
"543","Elizabeth Debicki","Kat","Lead Ensemble Members","2020_8_Tenet.csv","female"
"544","Michael Caine","Crosby","Lead Ensemble Members","2020_8_Tenet.csv","male"
"545","Kenneth Branagh","Sator","Lead Ensemble Members","2020_8_Tenet.csv","male"
"546","Gal Gadot","Diana Prince/Wonder Woman","Leading Cast","2020_9_Wonder Woman 1984.csv","male"
"547","Chris Pine","Steve Trevor","Leading Cast","2020_9_Wonder Woman 1984.csv","male"
"548","Kristen Wiig","Barbara Ann Miverva/Cheetah","Leading Cast","2020_9_Wonder Woman 1984.csv","female"
"549","Pedro Pascal","Maxwell Lord","Leading Cast","2020_9_Wonder Woman 1984.csv","male"
"550","Tom Holland","Peter Parker/Spider-Man","Leading Cast","2021_0_Spider-Man_ No Way Home.csv","male"
"551","Simu Liu","Shang-Chi","Leading Cast","2021_1_Shang-Chi and the Legend of the Ten Rings.csv","male"
"552","Tom Hardy","Eddie Brock/Venom","Leading Cast","2021_2_Venom_ Let There be Carnage.csv","male"
"553","Woody Harrelson","Carnage","Leading Cast","2021_2_Venom_ Let There be Carnage.csv","male"
"554","Scarlett Johansson","Natasha Romanoff/Black Widow","Lead Ensemble Members","2021_3_Black Widow.csv","female"
"555","Florence Pugh","Yelena Belova","Lead Ensemble Members","2021_3_Black Widow.csv","female"
"556","Rachel Weisz","Melina","Lead Ensemble Members","2021_3_Black Widow.csv","female"
"557","David Harbour","Alexei/Red Guardian","Lead Ensemble Members","2021_3_Black Widow.csv","male"
"558","Ray Winstone","Dreykov","Lead Ensemble Members","2021_3_Black Widow.csv","male"
"559","O.T. Fagbenle","Mason","Lead Ensemble Members","2021_3_Black Widow.csv","male"
"560","Vin Diesel","Dominic Toretto","Lead Ensemble Members","2021_4_F9_ The Fast Saga.csv","male"
"561","Michelle Rodriguez","Letty Ortiz","Lead Ensemble Members","2021_4_F9_ The Fast Saga.csv","female"
"562","Tyrese Gibson","Roman Pearce","Lead Ensemble Members","2021_4_F9_ The Fast Saga.csv","male"
"563","Chris  Bridges","Tej Parker","Lead Ensemble Members","2021_4_F9_ The Fast Saga.csv","male"
"564","John Cena","Jakob Toretto","Lead Ensemble Members","2021_4_F9_ The Fast Saga.csv","male"
"565","Nathalie Emmanuel","Ramsey","Lead Ensemble Members","2021_4_F9_ The Fast Saga.csv","female"
"566","Jordana Brewster","Mia Toretto","Lead Ensemble Members","2021_4_F9_ The Fast Saga.csv","female"
"567","Kumail Nanjiani","Kingo","Lead Ensemble Members","2021_5_Eternals.csv","male"
"568","Angelina Jolie","Thena","Lead Ensemble Members","2021_5_Eternals.csv","female"
"569","Richard Madden","Ikaris","Lead Ensemble Members","2021_5_Eternals.csv","male"
"570","Salma Hayek","Ajak","Lead Ensemble Members","2021_5_Eternals.csv","female"
"571","Brian Tyree Henry","Phastos","Lead Ensemble Members","2021_5_Eternals.csv","male"
"572","Lauren Ridloff","Makkari","Lead Ensemble Members","2021_5_Eternals.csv","female"
"573","Barry Keoghan","Druig","Lead Ensemble Members","2021_5_Eternals.csv","male"
"574","Gemma Chan","Sersi","Lead Ensemble Members","2021_5_Eternals.csv","female"
"575","Lia McHugh","Sprite","Lead Ensemble Members","2021_5_Eternals.csv","female"
"576","Don Lee","Gilgamesh","Lead Ensemble Members","2021_5_Eternals.csv","male"
"577","Matthew McConaughey","Buster Moon","Lead Ensemble Members","2021_6_Sing 2.csv","male"
"578","Reese Witherspoon","Rosita","Lead Ensemble Members","2021_6_Sing 2.csv","female"
"579","Scarlett Johansson","Ash","Lead Ensemble Members","2021_6_Sing 2.csv","female"
"580","Taron Egerton","Johnny","Lead Ensemble Members","2021_6_Sing 2.csv","male"
"581","Tori Kelly","Meena","Lead Ensemble Members","2021_6_Sing 2.csv","female"
"582","Nick Kroll","Gunter","Lead Ensemble Members","2021_6_Sing 2.csv","male"
"583","Pharrell Williams","Alfonso","Lead Ensemble Members","2021_6_Sing 2.csv","male"
"584","Halsey","Porsha","Lead Ensemble Members","2021_6_Sing 2.csv","female"
"585","Letitia Wright","Nooshy","Lead Ensemble Members","2021_6_Sing 2.csv","female"
"586","Eric Andre","Darius","Lead Ensemble Members","2021_6_Sing 2.csv","male"
"587","Bono","Clay Calloway","Lead Ensemble Members","2021_6_Sing 2.csv","male"
"588","Daniel Craig","James Bond","Lead Ensemble Members","2021_7_No Time to Die.csv","male"
"589","Lea Seydoux","Dr. Madeleine Swann","Lead Ensemble Members","2021_7_No Time to Die.csv","female"
"590","Naomie Harris","Eve Moneypenny","Lead Ensemble Members","2021_7_No Time to Die.csv","female"
"591","Ana de Armas","Paloma","Lead Ensemble Members","2021_7_No Time to Die.csv","female"
"592","Ben Whishaw","Q","Lead Ensemble Members","2021_7_No Time to Die.csv","male"
"593","Rami Malek","Safin","Lead Ensemble Members","2021_7_No Time to Die.csv","male"
"594","Emily Blunt","Evelyn Abbott","Leading Cast","2021_8_A Quiet Place_ Part II.csv","female"
"595","Carrie Coon","Callie","Lead Ensemble Members","2021_9_Ghostbusters_ Afterlife.csv","female"
"596","Finn Wolfhard","Trevor","Lead Ensemble Members","2021_9_Ghostbusters_ Afterlife.csv","male"
"597","Mckenna Grace","Phoebe","Lead Ensemble Members","2021_9_Ghostbusters_ Afterlife.csv","female"
"598","Paul Rudd","Mr. Grooberson","Lead Ensemble Members","2021_9_Ghostbusters_ Afterlife.csv","male"
"599","Celeste O’ Conner","Trevor’s Classmate","Lead Ensemble Members","2021_9_Ghostbusters_ Afterlife.csv","female"
"600","Logan Kim","Phoebe’s Classmate","Lead Ensemble Members","2021_9_Ghostbusters_ Afterlife.csv","male"
"601","Tom Cruise","Pete “Maverick” Mitchell","Lead Ensemble Members","2022_0_Top Gun_ Maverick.csv","male"
"602","Miles Teller","Rooster","Lead Ensemble Members","2022_0_Top Gun_ Maverick.csv","male"
"603","Glen Powell","Hangman","Lead Ensemble Members","2022_0_Top Gun_ Maverick.csv","male"
"604","Lewis James Pullman","Bob","Lead Ensemble Members","2022_0_Top Gun_ Maverick.csv","male"
"605","Monica Barbaro","Phoenix","Lead Ensemble Members","2022_0_Top Gun_ Maverick.csv","female"
"606","Danny Ramirez","Fanboy","Lead Ensemble Members","2022_0_Top Gun_ Maverick.csv","male"
"607","Jay Ellis","Payback","Lead Ensemble Members","2022_0_Top Gun_ Maverick.csv","male"
"608","Greg Tarzan Davis","Coyote","Lead Ensemble Members","2022_0_Top Gun_ Maverick.csv","male"
"609","Jon Hamm","Cyclone","Lead Ensemble Members","2022_0_Top Gun_ Maverick.csv","male"
"610","Sam Worthington","Jake Sully","Leading Cast","2022_1_Avatar_ The Way of Water.csv","male"
"611","Zoe Saldana","Neytiri","Leading Cast","2022_1_Avatar_ The Way of Water.csv","female"
"612","Letitia Wright","Shuri","Lead Ensemble Members","2022_2_Black Panther_ Wakanda Forever.csv","female"
"613","Lupita Nyong'o","Nakia","Lead Ensemble Members","2022_2_Black Panther_ Wakanda Forever.csv","female"
"614","Danai Gurira","Okoye","Lead Ensemble Members","2022_2_Black Panther_ Wakanda Forever.csv","female"
"615","Winston Duke","M’Baku","Lead Ensemble Members","2022_2_Black Panther_ Wakanda Forever.csv","male"
"616","Dominique Thorne","Riri Williams/Ironheart","Lead Ensemble Members","2022_2_Black Panther_ Wakanda Forever.csv","female"
"617","Florence Kasumba","Ayo","Lead Ensemble Members","2022_2_Black Panther_ Wakanda Forever.csv","female"
"618","Michaela Coel","Aneka","Lead Ensemble Members","2022_2_Black Panther_ Wakanda Forever.csv","female"
"619","Tenoch Huerta","Namor","Lead Ensemble Members","2022_2_Black Panther_ Wakanda Forever.csv","male"
"620","Martin Freeman","Everett K. Ross","Lead Ensemble Members","2022_2_Black Panther_ Wakanda Forever.csv","male"
"621","Angela Bassett","Ramonda","Lead Ensemble Members","2022_2_Black Panther_ Wakanda Forever.csv","female"
"622","Benedict Cumberbatch","Dr. Stephen Strange","Lead Ensemble Members","2022_3_Doctor Strange in the Multiverse of Madness.csv","male"
"623","Elizabeth Olsen","Scarlett Witch","Lead Ensemble Members","2022_3_Doctor Strange in the Multiverse of Madness.csv","female"
"624","Chiwetel Ejiofor","Karl Mordo","Lead Ensemble Members","2022_3_Doctor Strange in the Multiverse of Madness.csv","male"
"625","Benedict Wong","Wong","Lead Ensemble Members","2022_3_Doctor Strange in the Multiverse of Madness.csv","male"
"626","Xochitl Gomez","America Chavez","Lead Ensemble Members","2022_3_Doctor Strange in the Multiverse of Madness.csv","female"
"627","Michael Stuhlbarg","Nicodemus West","Lead Ensemble Members","2022_3_Doctor Strange in the Multiverse of Madness.csv","male"
"628","Rachel McAdams","Dr. Christine Palmer","Lead Ensemble Members","2022_3_Doctor Strange in the Multiverse of Madness.csv","female"
"629","Chris Pratt","Owen Grady","Leading Cast","2022_4_Jurassic World_ Dominion.csv","male"
"630","Bryce Dallas Howard","Claire Dearing","Leading Cast","2022_4_Jurassic World_ Dominion.csv","male"
"631","Steve Carell","Gru","Leading Cast","2022_5_Minions_ The Rise of Gru.csv","male"
"632","Robert Pattinson","Bruce Wayne / Batman","Leading Cast","2022_6_The Batman.csv","male"
"633","Zoë Kravitz","Selina Kyle / Catwoman","Leading Cast","2022_6_The Batman.csv","female"
"634","Colin Farrell","Oswald “Oz” Cobblepot / Penguin","Leading Cast","2022_6_The Batman.csv","male"
"635","Paul Dano","Edward Nashton / Riddler","Leading Cast","2022_6_The Batman.csv","male"
"636","Chris Hemsworth","Thor","Lead Ensemble Members","2022_7_Thor_ Love and Thunder.csv","male"
"637","Christian Bale","Gorr the God Butcher","Lead Ensemble Members","2022_7_Thor_ Love and Thunder.csv","male"
"638","Tessa Thompson","King Valkyrie","Lead Ensemble Members","2022_7_Thor_ Love and Thunder.csv","female"
"639","Taika Waititi","Korg","Lead Ensemble Members","2022_7_Thor_ Love and Thunder.csv","female"
"640","Russell Crowe","Zeus","Lead Ensemble Members","2022_7_Thor_ Love and Thunder.csv","male"
"641","Natalie Portman","Jane Foster/Mighty Thor","Lead Ensemble Members","2022_7_Thor_ Love and Thunder.csv","female"
"642","Ben Schwartz","Sonic the Hedgehog","Lead Ensemble Members","2022_8_Sonic the Hedgehog 2.csv","male"
"643","Jim Carrey","Dr. Ivo Robotnik","Lead Ensemble Members","2022_8_Sonic the Hedgehog 2.csv","male"
"644","Idris Elba","Knuckles the Echidna","Lead Ensemble Members","2022_8_Sonic the Hedgehog 2.csv","male"
"645","Colleen O Shaughnessey","Miles “Tails” Prower","Lead Ensemble Members","2022_8_Sonic the Hedgehog 2.csv","female"
"646","James Marsden","Tom Wachowski","Lead Ensemble Members","2022_8_Sonic the Hedgehog 2.csv","male"
"647","Tika Sumpter","Maddie Wachowski","Lead Ensemble Members","2022_8_Sonic the Hedgehog 2.csv","female"
"648","Lee Majdoub","Stone","Lead Ensemble Members","2022_8_Sonic the Hedgehog 2.csv","male"
"649","Natasha Rothwell","Rachel","Lead Ensemble Members","2022_8_Sonic the Hedgehog 2.csv","female"
"650","Shemar Moore","Randall","Lead Ensemble Members","2022_8_Sonic the Hedgehog 2.csv","male"
"651","Antonio Banderas","Puss in Boots","Leading Cast","2022_9_Puss in Boots_ The Last Wish.csv","male"
"652","Salma Hayek","Kitty Softpaws","Leading Cast","2022_9_Puss in Boots_ The Last Wish.csv","female"
