"","name","character_name","type","filename","likelyGender","firstName","lastName","raceEthnicity"
"1","Tom Hanks","Woody","Leading Cast","2010_0_Toy Story 3.csv","male","Tom","Hanks","W_NL"
"2","Tim Allen","Buzz Lightyear","Leading Cast","2010_0_Toy Story 3.csv","male","Tim","Allen","W_NL"
"3","Johnny Depp","Mad Hatter","Leading Cast","2010_1_Alice in Wonderland.csv","male","Johnny","Depp","W_NL"
"4","Alan Rickman","Blue Caterpillar","Leading Cast","2010_1_Alice in Wonderland.csv","male","Alan","Rickman","W_NL"
"5","Robert Downey, Jr.","Tony Stark","Lead Ensemble Members","2010_2_Iron Man 2.csv","male","Robert","Downey","W_NL"
"6","Gwyneth Paltrow","Pepper Potts","Lead Ensemble Members","2010_2_Iron Man 2.csv","female","Gwyneth","Paltrow","W_NL"
"7","Don Cheadle","Lt. Col. James ""Rhodey"" Rhodes","Lead Ensemble Members","2010_2_Iron Man 2.csv","male","Don","Cheadle","B_NL"
"8","Scarlett Johansson","Natalie Rushman/Natasha Romanoff","Lead Ensemble Members","2010_2_Iron Man 2.csv","female","Scarlett","Johansson","W_NL"
"9","Mickey Rourke","Ivan Vanko","Lead Ensemble Members","2010_2_Iron Man 2.csv","male","Mickey","Rourke","W_NL"
"10","Kristen Stewart","Isabella Swan","Leading Cast","2010_3_The Twilight Saga_ Eclipse.csv","female","Kristen","Stewart","W_NL"
"11","Robert Pattinson","Edward Cullen","Leading Cast","2010_3_The Twilight Saga_ Eclipse.csv","male","Robert","Pattinson","W_NL"
"12","Taylor Lautner","Jacob Black","Leading Cast","2010_3_The Twilight Saga_ Eclipse.csv","female","Taylor","Lautner","W_NL"
"13","Emma Watson","Hermione Granger","Leading Cast","2010_4_Harry Potter and the Deathly Hallows_ Part I.csv","female","Emma","Watson","B_NL"
"14","Daniel Radcliffe","Harry Potter","Leading Cast","2010_4_Harry Potter and the Deathly Hallows_ Part I.csv","male","Daniel","Radcliffe","W_NL"
"15","Rupert Grint","Ron Weasley","Leading Cast","2010_4_Harry Potter and the Deathly Hallows_ Part I.csv","male","Rupert","Grint","B_NL"
"16","Ralph Fiennes","Lord Voldemort","Leading Cast","2010_4_Harry Potter and the Deathly Hallows_ Part I.csv","male","Ralph","Fiennes","W_NL"
"17","Leonardo DiCaprio","Cobb","Leading Cast","2010_5_Inception.csv","male","Leonardo","DiCaprio","HL"
"18","Joseph Gordon-Levitt","Arthur","Leading Cast","2010_5_Inception.csv","male","Joseph","Gordon-Levitt","W_NL"
"19","Elliot Page","Ariadne","Leading Cast","2010_5_Inception.csv","male","Elliot","Page","B_NL"
"20","Steve Carell","Gru","Leading Cast","2010_6_Despicable Me.csv","male","Steve","Carell","W_NL"
"21","Miranda Cosgrove","Margo","Leading Cast","2010_6_Despicable Me.csv","female","Miranda","Cosgrove","W_NL"
"22","Dana Gaier","Edith","Leading Cast","2010_6_Despicable Me.csv","female","Dana","Gaier","W_NL"
"23","Elsie Fisher","Agnes","Leading Cast","2010_6_Despicable Me.csv","female","Elsie","Fisher","B_NL"
"24","Mike Myers","Shrek","Leading Cast","2010_7_Shrek Forever After.csv","male","Mike","Myers","W_NL"
"25","Eddie Murphy","Donkey","Leading Cast","2010_7_Shrek Forever After.csv","male","Eddie","Murphy","B_NL"
"26","Cameron Diaz","Princess Fiona","Leading Cast","2010_7_Shrek Forever After.csv","male","Cameron","Diaz","HL"
"27","Antonio Banderas","Puss-in-Boots","Leading Cast","2010_7_Shrek Forever After.csv","male","Antonio","Banderas","HL"
"28","Jay Baruchel","Hiccup","Leading Cast","2010_8_How to Train Your Dragon.csv","male","Jay","Baruchel","A"
"29","Zachary Levi","Flynn Rider","Leading Cast","2010_9_Tangled.csv","male","Zachary","Levi","W_NL"
"30","Mandy Moore","Rapunzel","Leading Cast","2010_9_Tangled.csv","female","Mandy","Moore","B_NL"
"31","Ralph Fiennes","Lord Voldemort","Leading Cast","2011_0_Harry Potter and the Deathly Hallows_ Part II.csv","male","Ralph","Fiennes","W_NL"
"32","Daniel Radcliffe","Harry Potter","Leading Cast","2011_0_Harry Potter and the Deathly Hallows_ Part II.csv","male","Daniel","Radcliffe","W_NL"
"33","Rupert Grint","Ron Weasley","Leading Cast","2011_0_Harry Potter and the Deathly Hallows_ Part II.csv","male","Rupert","Grint","B_NL"
"34","Emma Watson","Hermione Granger","Leading Cast","2011_0_Harry Potter and the Deathly Hallows_ Part II.csv","female","Emma","Watson","B_NL"
"35","Shia LaBeouf","Sam Witwicky","Leading Cast","2011_1_Transformers_ Dark of the Moon.csv","female","Shia","LaBeouf","B_NL"
"36","Kristen Stewart","Bella Swan","Leading Cast","2011_2_The Twilight Saga_ Breaking Dawn, Part 1.csv","female","Kristen","Stewart","W_NL"
"37","Robert Pattinson","Edward Cullen","Leading Cast","2011_2_The Twilight Saga_ Breaking Dawn, Part 1.csv","male","Robert","Pattinson","W_NL"
"38","Taylor Lautner","Jacob Black","Leading Cast","2011_2_The Twilight Saga_ Breaking Dawn, Part 1.csv","female","Taylor","Lautner","W_NL"
"39","Bradley Cooper","Phil","Leading Cast","2011_3_The Hangover Part II.csv","male","Bradley","Cooper","W_NL"
"40","Ed Helms","Stu","Leading Cast","2011_3_The Hangover Part II.csv","male","Ed","Helms","W_NL"
"41","Zach Galifianakis","Alan","Leading Cast","2011_3_The Hangover Part II.csv","male","Zach","Galifianakis","W_NL"
"42","Justin Bartha","Doug","Leading Cast","2011_3_The Hangover Part II.csv","male","Justin","Bartha","W_NL"
"43","Johnny Depp","Captain Jack Sparrow","Leading Cast","2011_4_Pirates of the Caribbean_ On Stranger Tides.csv","male","Johnny","Depp","W_NL"
"44","Penélope Cruz","Angelica","Leading Cast","2011_4_Pirates of the Caribbean_ On Stranger Tides.csv","female","Penélope","Cruz","HL"
"45","Geoffrey Rush","Barbossa","Leading Cast","2011_4_Pirates of the Caribbean_ On Stranger Tides.csv","male","Geoffrey","Rush","W_NL"
"46","Ian McShane","Blackbeard","Leading Cast","2011_4_Pirates of the Caribbean_ On Stranger Tides.csv","male","Ian","McShane","W_NL"
"47","Vin Diesel","Dominic Toretto","Leading Cast","2011_5_Fast Five.csv","male","Vin","Diesel","W_NL"
"48","Paul Walker","Brian O'Conner","Leading Cast","2011_5_Fast Five.csv","male","Paul","Walker","B_NL"
"49","Dwayne Johnson","Hobbs","Leading Cast","2011_5_Fast Five.csv","male","Dwayne","Johnson","B_NL"
"50","Tom Cruise","Ethan Hunt","Lead Ensemble Members","2011_6_Mission_ Impossible—Ghost Protocol.csv","male","Tom","Cruise","W_NL"
"51","Paula Patton","Agent Jane Carter","Lead Ensemble Members","2011_6_Mission_ Impossible—Ghost Protocol.csv","female","Paula","Patton","W_NL"
"52","Simon Pegg","Benju Dunn","Lead Ensemble Members","2011_6_Mission_ Impossible—Ghost Protocol.csv","male","Simon","Pegg","W_NL"
"53","Jeremy Renner","Agent William Brandt","Lead Ensemble Members","2011_6_Mission_ Impossible—Ghost Protocol.csv","male","Jeremy","Renner","W_NL"
"54","Michael Nyqvist","Kurt Hendricks","Lead Ensemble Members","2011_6_Mission_ Impossible—Ghost Protocol.csv","male","Michael","Nyqvist","W_NL"
"55","Lea Seydoux","Sabine Moreau","Lead Ensemble Members","2011_6_Mission_ Impossible—Ghost Protocol.csv","female","Lea","Seydoux","W_NL"
"56","Josh Holloway","Trevor Hanaway","Lead Ensemble Members","2011_6_Mission_ Impossible—Ghost Protocol.csv","male","Josh","Holloway","B_NL"
"57","Anil Kapoor","Indian Communication Magnate","Lead Ensemble Members","2011_6_Mission_ Impossible—Ghost Protocol.csv","male","Anil","Kapoor","A"
"58","Vladimir Mashkov","Anatoly Sidirov","Lead Ensemble Members","2011_6_Mission_ Impossible—Ghost Protocol.csv","male","Vladimir","Mashkov","W_NL"
"59","Tom Wilkinson","IMF secretary","Lead Ensemble Members","2011_6_Mission_ Impossible—Ghost Protocol.csv","male","Tom","Wilkinson","B_NL"
"60","Dan Whitney","Mater","Leading Cast","2011_7_Cars 2.csv","male","Dan","Whitney","W_NL"
"61","Owen Wilson","Lightning McQueen","Leading Cast","2011_7_Cars 2.csv","male","Owen","Wilson","B_NL"
"62","Michael Caine","Finn McMissle","Leading Cast","2011_7_Cars 2.csv","male","Michael","Caine","W_NL"
"63","Emily Mortimer","Holley Shiftwell","Leading Cast","2011_7_Cars 2.csv","female","Emily","Mortimer","W_NL"
"64","Robert Downey, Jr.","Sherlock Holmes","Leading Cast","2011_8_Sherlock Holmes_ A Game of Shadows.csv","male","Robert","Downey","W_NL"
"65","Jude Law","Dr. John Watson","Leading Cast","2011_8_Sherlock Holmes_ A Game of Shadows.csv","male","Jude","Law","B_NL"
"66","Noomi Rapace","Madam Simza Heron","Leading Cast","2011_8_Sherlock Holmes_ A Game of Shadows.csv","female","Noomi","Rapace","W_NL"
"67","Rachel McAdams","Irene Adler","Leading Cast","2011_8_Sherlock Holmes_ A Game of Shadows.csv","female","Rachel","McAdams","B_NL"
"68","Jared Harris","Professor James Moriarty","Leading Cast","2011_8_Sherlock Holmes_ A Game of Shadows.csv","male","Jared","Harris","B_NL"
"69","Chris Hemsworth","Thor","Lead Ensemble Members","2011_9_Thor.csv","male","Chris","Hemsworth","W_NL"
"70","Natalie Portman","Jane Foster","Lead Ensemble Members","2011_9_Thor.csv","female","Natalie","Portman","W_NL"
"71","Tom Hiddleston","Loki","Lead Ensemble Members","2011_9_Thor.csv","male","Tom","Hiddleston","W_NL"
"72","Anthony Hopkins","Odin","Lead Ensemble Members","2011_9_Thor.csv","male","Anthony","Hopkins","B_NL"
"73","Idris Elba","Heimdall","Lead Ensemble Members","2011_9_Thor.csv","male","Idris","Elba","W_NL"
"74","Tom Hiddleston","Loki","Leading Cast","2012_0_The Avengers.csv","male","Tom","Hiddleston","W_NL"
"75","Robert Downey, Jr.","Tony Stark/Iron Man","Lead Ensemble Members","2012_0_The Avengers.csv","male","Robert","Downey","W_NL"
"76","Chris Evans","Steve Rogers / Captain America","Lead Ensemble Members","2012_0_The Avengers.csv","male","Chris","Evans","B_NL"
"77","Mark Ruffalo","Bruce Banner / The Hulk","Lead Ensemble Members","2012_0_The Avengers.csv","male","Mark","Ruffalo","W_NL"
"78","Chris Hemsworth","Thor","Lead Ensemble Members","2012_0_The Avengers.csv","male","Chris","Hemsworth","W_NL"
"79","Scarlett Johansson","Natasha Romanoff / Black Widow","Lead Ensemble Members","2012_0_The Avengers.csv","female","Scarlett","Johansson","W_NL"
"80","Jeremy Renner","Clint Barton / Hawkeye","Lead Ensemble Members","2012_0_The Avengers.csv","male","Jeremy","Renner","W_NL"
"81","Samuel L. Jackson","Nick Fury","Lead Ensemble Members","2012_0_The Avengers.csv","male","Samuel","L. Jackson","B_NL"
"82","Christian Bale","Bruce Wayne/Batman","Leading Cast","2012_1_The Dark Knight Rises.csv","male","Christian","Bale","B_NL"
"83","Jennifer Lawrence","Katniss Everdeen","Leading Cast","2012_2_The Hunger Games.csv","female","Jennifer","Lawrence","W_NL"
"84","Daniel Craig","James Bond","Leading Cast","2012_3_Skyfall.csv","male","Daniel","Craig","W_NL"
"85","Javier Bardem","Silva","Leading Cast","2012_3_Skyfall.csv","male","Javier","Bardem","HL"
"86","Martin Freeman","Bilbo","Leading Cast","2012_4_The Hobbit_ An Unexpected Journey.csv","male","Martin","Freeman","W_NL"
"87","Kristen Stewart","Bella Swan","Leading Cast","2012_5_The Twilight Saga_ Breaking Dawn, Part 2.csv","female","Kristen","Stewart","W_NL"
"88","Robert Pattinson","Edward Cullen","Leading Cast","2012_5_The Twilight Saga_ Breaking Dawn, Part 2.csv","male","Robert","Pattinson","W_NL"
"89","Taylor Lautner","Jacob Black","Leading Cast","2012_5_The Twilight Saga_ Breaking Dawn, Part 2.csv","female","Taylor","Lautner","W_NL"
"90","Andrew Garfield","Peter Parker / Spider-Man","Leading Cast","2012_6_The Amazing Spider-Man.csv","male","Andrew","Garfield","W_NL"
"91","Kelly Macdonald","Merida","Lead Ensemble Members","2012_7_Brave.csv","female","Kelly","Macdonald","W_NL"
"92","Billy Connolly","King Fergus","Lead Ensemble Members","2012_7_Brave.csv","male","Billy","Connolly","W_NL"
"93","Emma Thompson","Queen Elinor","Lead Ensemble Members","2012_7_Brave.csv","female","Emma","Thompson","B_NL"
"94","Julie Walters","Witch","Lead Ensemble Members","2012_7_Brave.csv","female","Julie","Walters","W_NL"
"95","Robbie Coltrane","Lord Dingwall","Lead Ensemble Members","2012_7_Brave.csv","male","Robbie","Coltrane","B_NL"
"96","Kevin McKidd","Lord MacGuffin","Lead Ensemble Members","2012_7_Brave.csv","male","Kevin","McKidd","B_NL"
"97","Craig Ferguson","Lord Macintosh","Lead Ensemble Members","2012_7_Brave.csv","male","Craig","Ferguson","W_NL"
"98","Mark Wahlberg","John Bennett","Leading Cast","2012_8_Ted.csv","male","Mark","Wahlberg","W_NL"
"99","Seth MacFarlane","Ted","Leading Cast","2012_8_Ted.csv","male","Seth","MacFarlane","W_NL"
"100","Ben Stiller","Alex","Lead Ensemble Members","2012_9_Madagascar 3_ Europe's Most Wanted.csv","male","Ben","Stiller","W_NL"
"101","Chris Rock","Marty","Lead Ensemble Members","2012_9_Madagascar 3_ Europe's Most Wanted.csv","male","Chris","Rock","W_NL"
"102","David Schwimmer","Melman","Lead Ensemble Members","2012_9_Madagascar 3_ Europe's Most Wanted.csv","male","David","Schwimmer","W_NL"
"103","Jada Pinkett Smith","Gloria","Lead Ensemble Members","2012_9_Madagascar 3_ Europe's Most Wanted.csv","female","Jada","Pinkett Smith","B_NL"
"104","Sacha Baron Cohen","King Julian XII","Lead Ensemble Members","2012_9_Madagascar 3_ Europe's Most Wanted.csv","female","Sacha","Baron Cohen","W_NL"
"105","Cedric the Entertainer","Maurice","Lead Ensemble Members","2012_9_Madagascar 3_ Europe's Most Wanted.csv","male","Cedric","the Entertainer","B_NL"
"106","Andy Richter","Mort","Lead Ensemble Members","2012_9_Madagascar 3_ Europe's Most Wanted.csv","male","Andy","Richter","W_NL"
"107","Frances McDormand","Captain Chantel DuBois","Lead Ensemble Members","2012_9_Madagascar 3_ Europe's Most Wanted.csv","female","Frances","McDormand","B_NL"
"108","Tom McGrath","Skipper","Lead Ensemble Members","2012_9_Madagascar 3_ Europe's Most Wanted.csv","male","Tom","McGrath","W_NL"
"109","Jennifer Lawrence","Katniss Everdeen","Leading Cast","2013_0_The Hunger Games_ Catching Fire.csv","female","Jennifer","Lawrence","W_NL"
"110","Robert Downey, Jr.","Tony Stark/Iron Man","Lead Ensemble Members","2013_1_Iron Man 3.csv","male","Robert","Downey","W_NL"
"111","Gwyneth Paltrow","Pepper Potts","Lead Ensemble Members","2013_1_Iron Man 3.csv","female","Gwyneth","Paltrow","W_NL"
"112","Don Cheadle","James 'Rhodey' Rhodes","Lead Ensemble Members","2013_1_Iron Man 3.csv","male","Don","Cheadle","B_NL"
"113","Guy Pearce","Aldrich Killian","Lead Ensemble Members","2013_1_Iron Man 3.csv","male","Guy","Pearce","W_NL"
"114","Ben Kingsley","The Mandarin","Lead Ensemble Members","2013_1_Iron Man 3.csv","male","Ben","Kingsley","W_NL"
"115","Kristen Bell","Anna","Lead Ensemble Members","2013_2_Frozen.csv","female","Kristen","Bell","W_NL"
"116","Idina Menzel","Elsa","Lead Ensemble Members","2013_2_Frozen.csv","female","Idina","Menzel","W_NL"
"117","Jonathan Groff","Kristoff","Lead Ensemble Members","2013_2_Frozen.csv","male","Jonathan","Groff","W_NL"
"118","Josh Gad","Olaf","Lead Ensemble Members","2013_2_Frozen.csv","male","Josh","Gad","A"
"119","Santino Fontana","Hans","Lead Ensemble Members","2013_2_Frozen.csv","male","Santino","Fontana","HL"
"120","Alan Tudyk","Duke of Weselton","Lead Ensemble Members","2013_2_Frozen.csv","male","Alan","Tudyk","W_NL"
"121","Steve Carell","Gru","Leading Cast","2013_3_Despicable Me 2.csv","male","Steve","Carell","W_NL"
"122","Kristen Wiig","Lucy","Leading Cast","2013_3_Despicable Me 2.csv","female","Kristen","Wiig","W_NL"
"123","Henry Cavill","Clark Kent/Kal-El","Leading Cast","2013_4_Man of Steel.csv","male","Henry","Cavill","W_NL"
"124","Michael Shannon","General Zod","Leading Cast","2013_4_Man of Steel.csv","male","Michael","Shannon","W_NL"
"125","Sandra Bullock","Ryan Stone","Leading Cast","2013_5_Gravity.csv","female","Sandra","Bullock","W_NL"
"126","George Clooney","Matt Kowalski","Leading Cast","2013_5_Gravity.csv","male","George","Clooney","W_NL"
"127","Billy Crystal","Mike","Leading Cast","2013_6_Monsters University.csv","male","Billy","Crystal","W_NL"
"128","John Goodman","Sullivan","Leading Cast","2013_6_Monsters University.csv","male","John","Goodman","W_NL"
"129","Martin Freeman","Bilbo Baggins","Leading Cast","2013_7_The Hobbit_ The Desolation of Smaug.csv","male","Martin","Freeman","W_NL"
"130","Vin Diesel","Dominic Toretto","Leading Cast","2013_8_Fast and Furious 6.csv","male","Vin","Diesel","W_NL"
"131","Michelle Rodriguez","Letty","Leading Cast","2013_8_Fast and Furious 6.csv","female","Michelle","Rodriguez","HL"
"132","Paul Walker","Brian O'Conner","Leading Cast","2013_8_Fast and Furious 6.csv","male","Paul","Walker","B_NL"
"133","Dwayne Johnson","Hobbs","Leading Cast","2013_8_Fast and Furious 6.csv","male","Dwayne","Johnson","B_NL"
"134","Jordana Brewster","Mia","Leading Cast","2013_8_Fast and Furious 6.csv","female","Jordana","Brewster","W_NL"
"135","James Franco","Oz","Lead Ensemble Members","2013_9_Oz the Great and Powerful.csv","male","James","Franco","HL"
"136","Mila Kunis","Theodora/Wicked Witch of the West","Lead Ensemble Members","2013_9_Oz the Great and Powerful.csv","female","Mila","Kunis","W_NL"
"137","Rachel Weisz","Evanora","Lead Ensemble Members","2013_9_Oz the Great and Powerful.csv","female","Rachel","Weisz","W_NL"
"138","Michelle Williams","Annie/Glinda","Lead Ensemble Members","2013_9_Oz the Great and Powerful.csv","female","Michelle","Williams","B_NL"
"139","Zach Braff","Frank/Finley","Lead Ensemble Members","2013_9_Oz the Great and Powerful.csv","male","Zach","Braff","W_NL"
"140","Joey King","Girl in Wheelchair/China Girl","Lead Ensemble Members","2013_9_Oz the Great and Powerful.csv","male","Joey","King","B_NL"
"141","Bradley Cooper","Chris Kyle","Leading Cast","2014_0_American Sniper.csv","male","Bradley","Cooper","W_NL"
"142","Sienna Miller","Taya","Leading Cast","2014_0_American Sniper.csv","female","Sienna","Miller","W_NL"
"143","Jennifer Lawrence","Katniss Everdeen","Leading Cast","2014_1_The Hunger Games_ Mockingjay - Part 1.csv","female","Jennifer","Lawrence","W_NL"
"144","Chris Pratt","Peter Quill","Lead Ensemble Members","2014_2_Guardians of the Galaxy.csv","male","Chris","Pratt","W_NL"
"145","Zoe Saldana","Gamora","Lead Ensemble Members","2014_2_Guardians of the Galaxy.csv","female","Zoe","Saldana","HL"
"146","Dave Bautista","Drax","Lead Ensemble Members","2014_2_Guardians of the Galaxy.csv","male","Dave","Bautista","HL"
"147","Vin Diesel","Groot","Lead Ensemble Members","2014_2_Guardians of the Galaxy.csv","male","Vin","Diesel","W_NL"
"148","Bradley Cooper","Rocket","Lead Ensemble Members","2014_2_Guardians of the Galaxy.csv","male","Bradley","Cooper","W_NL"
"149","Chris Evans","Captain America/Steve Rogers","Lead Ensemble Members","2014_3_Captain America_ The Winter Soldier.csv","male","Chris","Evans","B_NL"
"150","Scarlett Johansson","Natasha Romanoff/Black Widow","Lead Ensemble Members","2014_3_Captain America_ The Winter Soldier.csv","female","Scarlett","Johansson","W_NL"
"151","Sebastian Stan","Bucky Barnes/Winter Soldier","Lead Ensemble Members","2014_3_Captain America_ The Winter Soldier.csv","male","Sebastian","Stan","W_NL"
"152","Robert Redford","Agent Alexander Pierce","Lead Ensemble Members","2014_3_Captain America_ The Winter Soldier.csv","male","Robert","Redford","W_NL"
"153","Samuel L. Jackson","Nick Fury","Lead Ensemble Members","2014_3_Captain America_ The Winter Soldier.csv","male","Samuel","L. Jackson","B_NL"
"154","Chris Pratt","Emmet","Lead Ensemble Members","2014_4_The Lego Movie.csv","male","Chris","Pratt","W_NL"
"155","Will Ferrell","President Business","Lead Ensemble Members","2014_4_The Lego Movie.csv","male","Will","Ferrell","B_NL"
"156","Elizabeth Banks","Wyldstyle/Lucy","Lead Ensemble Members","2014_4_The Lego Movie.csv","female","Elizabeth","Banks","B_NL"
"157","Will Arnett","Batman","Lead Ensemble Members","2014_4_The Lego Movie.csv","male","Will","Arnett","W_NL"
"158","Alison Brie","Uni-Kitty","Lead Ensemble Members","2014_4_The Lego Movie.csv","female","Alison","Brie","W_NL"
"159","Charlie Day","Spaceman Benny","Lead Ensemble Members","2014_4_The Lego Movie.csv","female","Charlie","Day","B_NL"
"160","Morgan Freeman","Vitruvius","Lead Ensemble Members","2014_4_The Lego Movie.csv","male","Morgan","Freeman","W_NL"
"161","Jonah Hill","Green Lantern","Lead Ensemble Members","2014_4_The Lego Movie.csv","male","Jonah","Hill","B_NL"
"162","Channing Tatum","Superman","Lead Ensemble Members","2014_4_The Lego Movie.csv","male","Channing","Tatum","B_NL"
"163","Cobie Smulders","Wonder Woman","Lead Ensemble Members","2014_4_The Lego Movie.csv","female","Cobie","Smulders","W_NL"
"164","Martin Freeman","Bilbo","Leading Cast","2014_5_The Hobbit_ The Battle of the Five Armies.csv","male","Martin","Freeman","W_NL"
"165","Mark Wahlberg","Cade Yeager","Leading Cast","2014_6_Transformers_ Age of Extinction.csv","male","Mark","Wahlberg","W_NL"
"166","Nicola Peltz","Tessa Yeager","Leading Cast","2014_6_Transformers_ Age of Extinction.csv","female","Nicola","Peltz","W_NL"
"167","Jack Reynor","Shane Dyson","Leading Cast","2014_6_Transformers_ Age of Extinction.csv","male","Jack","Reynor","W_NL"
"168","Angelina Jolie","Maleficent","Leading Cast","2014_7_Maleficent.csv","female","Angelina","Jolie","B_NL"
"169","Hugh Jackman","Logan / Wolverine","Leading Cast","2014_8_X-Men_ Days of Future Past.csv","male","Hugh","Jackman","W_NL"
"170","James McAvoy","Charles Xavier / Professor X","Leading Cast","2014_8_X-Men_ Days of Future Past.csv","male","James","McAvoy","W_NL"
"171","Michael Fassbender","Erik Lehnsherr / Magneto","Leading Cast","2014_8_X-Men_ Days of Future Past.csv","male","Michael","Fassbender","W_NL"
"172","Patrick Stewart","Charles Xavier / Professor X","Leading Cast","2014_8_X-Men_ Days of Future Past.csv","male","Patrick","Stewart","B_NL"
"173","Jennifer Lawrence","Raven Darkhölme / Mystique","Leading Cast","2014_8_X-Men_ Days of Future Past.csv","female","Jennifer","Lawrence","W_NL"
"174","Ian McKellen","Erik Lehnsherr / Magneto","Leading Cast","2014_8_X-Men_ Days of Future Past.csv","male","Ian","McKellen","W_NL"
"175","Scott Adsit","Baymax","Leading Cast","2014_9_Big Hero 6.csv","male","Scott","Adsit","W_NL"
"176","Ryan Potter","Hiro","Leading Cast","2014_9_Big Hero 6.csv","male","Ryan","Potter","W_NL"
"177","Adam Driver","Kylo Ren","Leading Cast","2015_0_Star Wars Ep. VII_ The Force Awakens.csv","male","Adam","Driver","W_NL"
"178","Daisy Ridley","Rey","Leading Cast","2015_0_Star Wars Ep. VII_ The Force Awakens.csv","female","Daisy","Ridley","B_NL"
"179","John Boyega","Finn","Leading Cast","2015_0_Star Wars Ep. VII_ The Force Awakens.csv","male","John","Boyega","B_NL"
"180","Chris Pratt","Owen Grady","Leading Cast","2015_1_Jurassic World.csv","male","Chris","Pratt","W_NL"
"181","James Spader","Ultron","Leading Cast","2015_2_Avengers_ Age of Ultron.csv","male","James","Spader","W_NL"
"182","Robert Downey, Jr.","Tony Stark/Iron Man","Lead Ensemble Members","2015_2_Avengers_ Age of Ultron.csv","male","Robert","Downey","W_NL"
"183","Chris Hemsworth","Thor","Lead Ensemble Members","2015_2_Avengers_ Age of Ultron.csv","male","Chris","Hemsworth","W_NL"
"184","Mark Ruffalo","Bruce Banner / The Hulk","Lead Ensemble Members","2015_2_Avengers_ Age of Ultron.csv","male","Mark","Ruffalo","W_NL"
"185","Chris Evans","Steve Rogers / Captain America","Lead Ensemble Members","2015_2_Avengers_ Age of Ultron.csv","male","Chris","Evans","B_NL"
"186","Scarlett Johansson","Natasha Romanoff/Black Widow","Lead Ensemble Members","2015_2_Avengers_ Age of Ultron.csv","female","Scarlett","Johansson","W_NL"
"187","Jeremy Renner","Clint Barton/Hawkeye","Lead Ensemble Members","2015_2_Avengers_ Age of Ultron.csv","male","Jeremy","Renner","W_NL"
"188","Samuel L. Jackson","Nick Fury","Lead Ensemble Members","2015_2_Avengers_ Age of Ultron.csv","male","Samuel","L. Jackson","B_NL"
"189","Aaron Taylor-Johnson","Quicksilver","Lead Ensemble Members","2015_2_Avengers_ Age of Ultron.csv","male","Aaron","Taylor-Johnson","B_NL"
"190","Elizabeth Olsen","Scarlet Witch","Lead Ensemble Members","2015_2_Avengers_ Age of Ultron.csv","female","Elizabeth","Olsen","W_NL"
"191","Amy Poehler","Joy","Lead Ensemble Members","2015_3_Inside Out.csv","female","Amy","Poehler","W_NL"
"192","Phyllis Smith","Sadness","Lead Ensemble Members","2015_3_Inside Out.csv","female","Phyllis","Smith","B_NL"
"193","Bill Hader","Fear","Lead Ensemble Members","2015_3_Inside Out.csv","male","Bill","Hader","W_NL"
"194","Lewis Black","Anger","Lead Ensemble Members","2015_3_Inside Out.csv","male","Lewis","Black","B_NL"
"195","Mindy Kaling","Disgust","Lead Ensemble Members","2015_3_Inside Out.csv","female","Mindy","Kaling","B_NL"
"196","Vin Diesel","Dominic Toretto","Leading Cast","2015_4_Furious 7.csv","male","Vin","Diesel","W_NL"
"197","Paul Walker","Brian O'Conner","Leading Cast","2015_4_Furious 7.csv","male","Paul","Walker","B_NL"
"198","Steve Carell","Young Gru","Leading Cast","2015_5_Minions.csv","male","Steve","Carell","W_NL"
"199","Sandra Bullock","Scarlet Overkill","Leading Cast","2015_5_Minions.csv","female","Sandra","Bullock","W_NL"
"200","Jon Hamm","Herb Overkill","Leading Cast","2015_5_Minions.csv","male","Jon","Hamm","W_NL"
"201","Jennifer Lawrence","Katniss Everdeen","Leading Cast","2015_6_The Hunger Games_ Mockingjay - Part 2.csv","female","Jennifer","Lawrence","W_NL"
"202","Matt Damon","Mark Watney","Leading Cast","2015_7_The Martian.csv","male","Matt","Damon","W_NL"
"203","Lily James","Ella","Leading Cast","2015_8_Cinderella.csv","female","Lily","James","B_NL"
"204","Daniel Craig","James Bond","Leading Cast","2015_9_Spectre.csv","male","Daniel","Craig","W_NL"
"205","Felicity Jones","Jyn Erso","Lead Ensemble Members","2016_0_Rogue One_ A Star Wars Story.csv","female","Felicity","Jones","B_NL"
"206","Diego Luna","Captain Cassian Andor","Lead Ensemble Members","2016_0_Rogue One_ A Star Wars Story.csv","male","Diego","Luna","HL"
"207","Ben Mendelsohn","Director Orson Krennic","Lead Ensemble Members","2016_0_Rogue One_ A Star Wars Story.csv","male","Ben","Mendelsohn","W_NL"
"208","Donnie Yen","Chirrut Imwe","Lead Ensemble Members","2016_0_Rogue One_ A Star Wars Story.csv","female","Donnie","Yen","A"
"209","Mads Mikkelsen","Galen Erso","Lead Ensemble Members","2016_0_Rogue One_ A Star Wars Story.csv","male","Mads","Mikkelsen","W_NL"
"210","Alan Tudyk","K-2SO","Lead Ensemble Members","2016_0_Rogue One_ A Star Wars Story.csv","male","Alan","Tudyk","W_NL"
"211","Riz Ahmed","Bodhi Rook","Lead Ensemble Members","2016_0_Rogue One_ A Star Wars Story.csv","male","Riz","Ahmed","A"
"212","Ellen DeGeneres","Dory","Leading Cast","2016_1_Finding Dory.csv","female","Ellen","DeGeneres","W_NL"
"213","Chris Evans","Steve Rogers/Captain America","Lead Ensemble Members","2016_2_Captain America_ Civil War.csv","male","Chris","Evans","B_NL"
"214","Robert Downey, Jr.","Tony Stark/Iron Man","Lead Ensemble Members","2016_2_Captain America_ Civil War.csv","male","Robert","Downey","W_NL"
"215","Scarlett Johansson","Natasha Romanoff / Black Widow","Lead Ensemble Members","2016_2_Captain America_ Civil War.csv","female","Scarlett","Johansson","W_NL"
"216","Sebastian Stan","Bucky Barnes/Winter Soldier","Lead Ensemble Members","2016_2_Captain America_ Civil War.csv","male","Sebastian","Stan","W_NL"
"217","Jeremy Renner","Clint Barton/Hawkeye","Lead Ensemble Members","2016_2_Captain America_ Civil War.csv","male","Jeremy","Renner","W_NL"
"218","Don Cheadle","James Rhodes/War Machine","Lead Ensemble Members","2016_2_Captain America_ Civil War.csv","male","Don","Cheadle","B_NL"
"219","Anthony Mackie","Sam Wilson/Falcon","Lead Ensemble Members","2016_2_Captain America_ Civil War.csv","male","Anthony","Mackie","B_NL"
"220","Paul Bettany","Vision","Lead Ensemble Members","2016_2_Captain America_ Civil War.csv","male","Paul","Bettany","W_NL"
"221","Elizabeth Olsen","Wanda Maximoff/Scarlet Witch","Lead Ensemble Members","2016_2_Captain America_ Civil War.csv","female","Elizabeth","Olsen","W_NL"
"222","Chadwick Boseman","T'Challa/Black Panther","Lead Ensemble Members","2016_2_Captain America_ Civil War.csv","male","Chadwick","Boseman","B_NL"
"223","Louis C.K.","Max","Lead Ensemble Members","2016_3_The Secret Life of Pets.csv","male","Louis","C.K.","B_NL"
"224","Eric Stonestreet","Duke","Lead Ensemble Members","2016_3_The Secret Life of Pets.csv","male","Eric","Stonestreet","W_NL"
"225","Kevin Hart","Snowball","Lead Ensemble Members","2016_3_The Secret Life of Pets.csv","male","Kevin","Hart","W_NL"
"226","Jenny Slate","Gidget","Lead Ensemble Members","2016_3_The Secret Life of Pets.csv","female","Jenny","Slate","W_NL"
"227","Ellie Kemper","Katie","Lead Ensemble Members","2016_3_The Secret Life of Pets.csv","female","Ellie","Kemper","W_NL"
"228","Albert Brooks","Tiberius","Lead Ensemble Members","2016_3_The Secret Life of Pets.csv","male","Albert","Brooks","B_NL"
"229","Lake Bell","Chloe","Lead Ensemble Members","2016_3_The Secret Life of Pets.csv","male","Lake","Bell","B_NL"
"230","Dana Carvey","Pops","Lead Ensemble Members","2016_3_The Secret Life of Pets.csv","female","Dana","Carvey","W_NL"
"231","Hannibal Buress","Buddy","Lead Ensemble Members","2016_3_The Secret Life of Pets.csv","male","Hannibal","Buress","W_NL"
"232","Bobby Moynihan","Mel","Lead Ensemble Members","2016_3_The Secret Life of Pets.csv","male","Bobby","Moynihan","W_NL"
"233","Bill Murray","Baloo","Lead Ensemble Members","2016_4_The Jungle Book.csv","male","Bill","Murray","B_NL"
"234","Ben Kingsley","Bagheera","Lead Ensemble Members","2016_4_The Jungle Book.csv","male","Ben","Kingsley","W_NL"
"235","Idris Elba","Shere Khan","Lead Ensemble Members","2016_4_The Jungle Book.csv","male","Idris","Elba","W_NL"
"236","Lupita Nyong'o","Raksha","Lead Ensemble Members","2016_4_The Jungle Book.csv","female","Lupita","Nyong'o","B_NL"
"237","Scarlett Johansson","Kaa","Lead Ensemble Members","2016_4_The Jungle Book.csv","female","Scarlett","Johansson","W_NL"
"238","Giancarlo Esposito","Akela","Lead Ensemble Members","2016_4_The Jungle Book.csv","male","Giancarlo","Esposito","HL"
"239","Christopher Walken","King Louie","Lead Ensemble Members","2016_4_The Jungle Book.csv","male","Christopher","Walken","W_NL"
"240","Neel Sethi","Mowgli","Lead Ensemble Members","2016_4_The Jungle Book.csv","male","Neel","Sethi","A"
"241","Ryan Reynolds","Wade/Deadpool","Leading Cast","2016_5_Deadpool.csv","male","Ryan","Reynolds","W_NL"
"242","Ginnifer Goodwin","Judy Hoops","Leading Cast","2016_6_Zootopia.csv","female","Ginnifer","Goodwin","W_NL"
"243","Jason Bateman","Nick Wilde","Leading Cast","2016_6_Zootopia.csv","male","Jason","Bateman","W_NL"
"244","Henry Cavill","Superman","Leading Cast","2016_7_Batman v Superman_ Dawn of Justice.csv","male","Henry","Cavill","W_NL"
"245","Ben Affleck","Batman","Leading Cast","2016_7_Batman v Superman_ Dawn of Justice.csv","male","Ben","Affleck","W_NL"
"246","Amy Adams","Lois Lane","Leading Cast","2016_7_Batman v Superman_ Dawn of Justice.csv","female","Amy","Adams","W_NL"
"247","Gal Gadot","Wonder Woman","Leading Cast","2016_7_Batman v Superman_ Dawn of Justice.csv","male","Gal","Gadot","W_NL"
"248","Will Smith","Deadshot","Lead Ensemble Members","2016_8_Suicide Squad.csv","male","Will","Smith","B_NL"
"249","Jared Leto","Joker","Lead Ensemble Members","2016_8_Suicide Squad.csv","male","Jared","Leto","W_NL"
"250","Margot Robbie","Harley Quinn","Lead Ensemble Members","2016_8_Suicide Squad.csv","female","Margot","Robbie","W_NL"
"251","Joel Kinnaman","Rick Flag","Lead Ensemble Members","2016_8_Suicide Squad.csv","male","Joel","Kinnaman","W_NL"
"252","Viola Davis","Amanda Waller","Lead Ensemble Members","2016_8_Suicide Squad.csv","female","Viola","Davis","B_NL"
"253","Jai Courtney","Boomerang","Lead Ensemble Members","2016_8_Suicide Squad.csv","male","Jai","Courtney","A"
"254","Jay Hernandez","Diablo","Lead Ensemble Members","2016_8_Suicide Squad.csv","male","Jay","Hernandez","HL"
"255","Adewale Akinnuoye-Agbaje","Killer Croc","Lead Ensemble Members","2016_8_Suicide Squad.csv","male","Adewale","Akinnuoye-Agbaje","B_NL"
"256","Ike Barinholtz","Griggs","Lead Ensemble Members","2016_8_Suicide Squad.csv","male","Ike","Barinholtz","W_NL"
"257","Scott Eastwood","Lieutenant GQ Edwards","Lead Ensemble Members","2016_8_Suicide Squad.csv","male","Scott","Eastwood","W_NL"
"258","Cara Delevingne","June Moone/Enchantress","Lead Ensemble Members","2016_8_Suicide Squad.csv","female","Cara","Delevingne","B_NL"
"259","Karen Fukuhara","Katana","Lead Ensemble Members","2016_8_Suicide Squad.csv","female","Karen","Fukuhara","A"
"260","Adam Beach","Slipknot","Lead Ensemble Members","2016_8_Suicide Squad.csv","male","Adam","Beach","W_NL"
"261","Matthew McConaughey","Buster Moon","Lead Ensemble Members","2016_9_Sing.csv","male","Matthew","McConaughey","W_NL"
"262","Reese Witherspoon","Rosita","Lead Ensemble Members","2016_9_Sing.csv","female","Reese","Witherspoon","B_NL"
"263","Seth MacFarlane","Mike","Lead Ensemble Members","2016_9_Sing.csv","male","Seth","MacFarlane","W_NL"
"264","Tori Kelly","Meena","Lead Ensemble Members","2016_9_Sing.csv","female","Tori","Kelly","B_NL"
"265","John C. Reilly","Eddie","Lead Ensemble Members","2016_9_Sing.csv","male","John","C. Reilly","W_NL"
"266","Taron Egerton","Johnny","Lead Ensemble Members","2016_9_Sing.csv","male","Taron","Egerton","W_NL"
"267","Scarlett Johansson","Ash","Lead Ensemble Members","2016_9_Sing.csv","female","Scarlett","Johansson","W_NL"
"268","Mark Hamill","Luke Skywalker","Lead Ensemble Members","2017_0_Star Wars Ep. VIII_ The Last Jedi.csv","male","Mark","Hamill","W_NL"
"269","Carrie Fisher","General Leia Organa","Lead Ensemble Members","2017_0_Star Wars Ep. VIII_ The Last Jedi.csv","female","Carrie","Fisher","W_NL"
"270","Adam Driver","Kylo Ren","Lead Ensemble Members","2017_0_Star Wars Ep. VIII_ The Last Jedi.csv","male","Adam","Driver","W_NL"
"271","Daisy Ridley","Rey","Lead Ensemble Members","2017_0_Star Wars Ep. VIII_ The Last Jedi.csv","female","Daisy","Ridley","B_NL"
"272","John Boyega","Finn","Lead Ensemble Members","2017_0_Star Wars Ep. VIII_ The Last Jedi.csv","male","John","Boyega","B_NL"
"273","Oscar Isaac","Poe Dameron","Lead Ensemble Members","2017_0_Star Wars Ep. VIII_ The Last Jedi.csv","male","Oscar","Isaac","HL"
"274","Domhnall Gleeson","General Hux","Lead Ensemble Members","2017_0_Star Wars Ep. VIII_ The Last Jedi.csv","male","Domhnall","Gleeson","W_NL"
"275","Anthony Daniels","C-3PO","Lead Ensemble Members","2017_0_Star Wars Ep. VIII_ The Last Jedi.csv","male","Anthony","Daniels","B_NL"
"276","Gwendoline Christie","Captain Phasma","Lead Ensemble Members","2017_0_Star Wars Ep. VIII_ The Last Jedi.csv","female","Gwendoline","Christie","B_NL"
"277","Kelly Marie Tran","Rose Tico","Lead Ensemble Members","2017_0_Star Wars Ep. VIII_ The Last Jedi.csv","female","Kelly","Marie Tran","A"
"278","Benicio del Toro","DJ","Lead Ensemble Members","2017_0_Star Wars Ep. VIII_ The Last Jedi.csv","male","Benicio","del Toro","HL"
"279","Emma Watson","Belle","Lead Ensemble Members","2017_1_Beauty and the Beast.csv","female","Emma","Watson","B_NL"
"280","Dan Stevens","Beast / Prince","Lead Ensemble Members","2017_1_Beauty and the Beast.csv","male","Dan","Stevens","W_NL"
"281","Luke Evans","Gaston","Lead Ensemble Members","2017_1_Beauty and the Beast.csv","male","Luke","Evans","W_NL"
"282","Kevin Kline","Maurice","Lead Ensemble Members","2017_1_Beauty and the Beast.csv","male","Kevin","Kline","W_NL"
"283","Josh Gad","Le Fou","Lead Ensemble Members","2017_1_Beauty and the Beast.csv","male","Josh","Gad","A"
"284","Ewan McGregor","Lumiere","Lead Ensemble Members","2017_1_Beauty and the Beast.csv","male","Ewan","McGregor","W_NL"
"285","Stanley Tucci","Cadenza","Lead Ensemble Members","2017_1_Beauty and the Beast.csv","male","Stanley","Tucci","W_NL"
"286","Audra McDonald","Madame De Garderobe","Lead Ensemble Members","2017_1_Beauty and the Beast.csv","female","Audra","McDonald","B_NL"
"287","Gugu Mbatha-Raw","Plumette","Lead Ensemble Members","2017_1_Beauty and the Beast.csv","female","Gugu","Mbatha-Raw","B_NL"
"288","Ian McKellen","Cogsworth","Lead Ensemble Members","2017_1_Beauty and the Beast.csv","male","Ian","McKellen","W_NL"
"289","Emma Thompson","Mrs. Potts","Lead Ensemble Members","2017_1_Beauty and the Beast.csv","female","Emma","Thompson","B_NL"
"290","Gal Gadot","Diana/Wonder Woman","Leading Cast","2017_2_Wonder Woman.csv","male","Gal","Gadot","W_NL"
"291","Chris Pine","Steve Trevor","Leading Cast","2017_2_Wonder Woman.csv","male","Chris","Pine","W_NL"
"292","Dwayne Johnson","Dr. Smolder Bravestone/Spencer's Avatar","Lead Ensemble Members","2017_3_Jumanji_ Welcome to the Jungle.csv","male","Dwayne","Johnson","B_NL"
"293","Jack Black","Professor Sheldon ""Shelly"" Oberon/Bethany's Avatar","Lead Ensemble Members","2017_3_Jumanji_ Welcome to the Jungle.csv","male","Jack","Black","W_NL"
"294","Kevin Hart","Franklin ""Moose"" Finbar/Fridge's Avatar","Lead Ensemble Members","2017_3_Jumanji_ Welcome to the Jungle.csv","male","Kevin","Hart","W_NL"
"295","Karen Gillan","Ruby Roundhouse/Martha's Avatar","Lead Ensemble Members","2017_3_Jumanji_ Welcome to the Jungle.csv","female","Karen","Gillan","W_NL"
"296","Nick Jonas","Jefferson ""Seaplane"" McDonough/Avatar of Alex Vreeke","Lead Ensemble Members","2017_3_Jumanji_ Welcome to the Jungle.csv","male","Nick","Jonas","W_NL"
"297","Chris Pratt","Peter Quill/Star-Lord","Lead Ensemble Members","2017_4_Guardians of the Galaxy Vol 2.csv","male","Chris","Pratt","W_NL"
"298","Zoe Saldana","Gamora","Lead Ensemble Members","2017_4_Guardians of the Galaxy Vol 2.csv","female","Zoe","Saldana","HL"
"299","Dave Bautista","Drax the Destroyer","Lead Ensemble Members","2017_4_Guardians of the Galaxy Vol 2.csv","male","Dave","Bautista","HL"
"300","Vin Diesel","Baby Groot","Lead Ensemble Members","2017_4_Guardians of the Galaxy Vol 2.csv","male","Vin","Diesel","W_NL"
"301","Bradley Cooper","Rocket","Lead Ensemble Members","2017_4_Guardians of the Galaxy Vol 2.csv","male","Bradley","Cooper","W_NL"
"302","Michael Rooker","Yondu Udonta","Lead Ensemble Members","2017_4_Guardians of the Galaxy Vol 2.csv","male","Michael","Rooker","W_NL"
"303","Kurt Russell","Ego","Lead Ensemble Members","2017_4_Guardians of the Galaxy Vol 2.csv","male","Kurt","Russell","W_NL"
"304","Karen Gillan","Nebula","Lead Ensemble Members","2017_4_Guardians of the Galaxy Vol 2.csv","female","Karen","Gillan","W_NL"
"305","Pom Klementieff","Mantis","Lead Ensemble Members","2017_4_Guardians of the Galaxy Vol 2.csv","male","Pom","Klementieff","A"
"306","Elizabeth Debicki","Ayesha","Lead Ensemble Members","2017_4_Guardians of the Galaxy Vol 2.csv","female","Elizabeth","Debicki","W_NL"
"307","Tom Holland","Peter Parker / Spider-Man","Lead Ensemble Members","2017_5_Spider-Man_ Homecoming.csv","male","Tom","Holland","W_NL"
"308","Michael Keaton","Adrian Toomes/Vulture","Lead Ensemble Members","2017_5_Spider-Man_ Homecoming.csv","male","Michael","Keaton","W_NL"
"309","Zendaya","Michelle","Lead Ensemble Members","2017_5_Spider-Man_ Homecoming.csv","female","Zendaya",NA,NA
"310","Jon Favreau","Happy Hogan","Lead Ensemble Members","2017_5_Spider-Man_ Homecoming.csv","male","Jon","Favreau","W_NL"
"311","Marisa Tomei","Aunt May","Lead Ensemble Members","2017_5_Spider-Man_ Homecoming.csv","female","Marisa","Tomei","W_NL"
"312","Robert Downey, Jr.","Tony Stark/Iron Man","Lead Ensemble Members","2017_5_Spider-Man_ Homecoming.csv","male","Robert","Downey","W_NL"
"313","Jaeden Lieberher","Bill Denbrough","Leading Cast","2017_6_It.csv","male","Jaeden","Lieberher","A"
"314","Bill Skarsgård","Pennywise","Leading Cast","2017_6_It.csv","male","Bill","Skarsgård","W_NL"
"315","Chris Hemsworth","Thor","Lead Ensemble Members","2017_7_Thor_ Ragnarok.csv","male","Chris","Hemsworth","W_NL"
"316","Tom Hiddleston","Loki","Lead Ensemble Members","2017_7_Thor_ Ragnarok.csv","male","Tom","Hiddleston","W_NL"
"317","Cate Blanchett","Hela","Lead Ensemble Members","2017_7_Thor_ Ragnarok.csv","female","Cate","Blanchett","B_NL"
"318","Idris Elba","Heimdall","Lead Ensemble Members","2017_7_Thor_ Ragnarok.csv","male","Idris","Elba","W_NL"
"319","Jeff Goldblum","Grandmaster","Lead Ensemble Members","2017_7_Thor_ Ragnarok.csv","male","Jeff","Goldblum","W_NL"
"320","Tessa Thompson","Valkyrie","Lead Ensemble Members","2017_7_Thor_ Ragnarok.csv","female","Tessa","Thompson","B_NL"
"321","Karl Urban","Skurge","Lead Ensemble Members","2017_7_Thor_ Ragnarok.csv","male","Karl","Urban","W_NL"
"322","Mark Ruffalo","Bruce Banner/Hulk","Lead Ensemble Members","2017_7_Thor_ Ragnarok.csv","male","Mark","Ruffalo","W_NL"
"323","Anthony Hopkins","Odin","Lead Ensemble Members","2017_7_Thor_ Ragnarok.csv","male","Anthony","Hopkins","B_NL"
"324","Steve Carell","Gru / Dru","Leading Cast","2017_8_Despicable Me 3.csv","male","Steve","Carell","W_NL"
"325","Kristen Wiig","Lucy Wilde","Leading Cast","2017_8_Despicable Me 3.csv","female","Kristen","Wiig","W_NL"
"326","Trey Parker","Balthazar Bratt","Leading Cast","2017_8_Despicable Me 3.csv","male","Trey","Parker","B_NL"
"327","Ben Affleck","Bruce Wayne / Batman","Lead Ensemble Members","2017_9_Justice League.csv","male","Ben","Affleck","W_NL"
"328","Henry Cavill","Kal-El / Clark Kent / Superman","Lead Ensemble Members","2017_9_Justice League.csv","male","Henry","Cavill","W_NL"
"329","Gal Gadot","Diana Prince / Wonder Woman","Lead Ensemble Members","2017_9_Justice League.csv","male","Gal","Gadot","W_NL"
"330","Jason Momoa","Aquaman","Lead Ensemble Members","2017_9_Justice League.csv","male","Jason","Momoa","B_NL"
"331","Ezra Miller","Barry Allen / Flash","Lead Ensemble Members","2017_9_Justice League.csv","male","Ezra","Miller","B_NL"
"332","Ray Fisher","Victor Stone / Cyborg","Lead Ensemble Members","2017_9_Justice League.csv","male","Ray","Fisher","W_NL"
"333","Chadwick Boseman","T’Challa/Black Panther","Lead Ensemble Members","2018_0_Black Panther.csv","male","Chadwick","Boseman","B_NL"
"334","Michael B. Jordan","Erik Killmonger","Lead Ensemble Members","2018_0_Black Panther.csv","male","Michael","B. Jordan","W_NL"
"335","Lupita Nyong'o","Nakia","Lead Ensemble Members","2018_0_Black Panther.csv","female","Lupita","Nyong'o","B_NL"
"336","Danai Gurira","Okoye","Lead Ensemble Members","2018_0_Black Panther.csv","female","Danai","Gurira","B_NL"
"337","Martin Freeman","Everett K. Ross","Lead Ensemble Members","2018_0_Black Panther.csv","male","Martin","Freeman","W_NL"
"338","Angela Bassett","Ramonda","Lead Ensemble Members","2018_0_Black Panther.csv","female","Angela","Bassett","B_NL"
"339","Forest Whitaker","Zuri","Lead Ensemble Members","2018_0_Black Panther.csv","male","Forest","Whitaker","B_NL"
"340","Andy Serkis","Ulysses Klaue","Lead Ensemble Members","2018_0_Black Panther.csv","male","Andy","Serkis","W_NL"
"341","Daniel Kaluuya","W’Kabi","Lead Ensemble Members","2018_0_Black Panther.csv","male","Daniel","Kaluuya","B_NL"
"342","Letitia Wright","Shuri","Lead Ensemble Members","2018_0_Black Panther.csv","female","Letitia","Wright","B_NL"
"343","Robert Downey, Jr.","Tony Stark/Iron Man","Lead Ensemble Members","2018_1_Avengers_ Infinity War.csv","male","Robert","Downey","W_NL"
"344","Chris Hemsworth","Thor","Lead Ensemble Members","2018_1_Avengers_ Infinity War.csv","male","Chris","Hemsworth","W_NL"
"345","Mark Ruffalo","Bruce Banner/Hulk","Lead Ensemble Members","2018_1_Avengers_ Infinity War.csv","male","Mark","Ruffalo","W_NL"
"346","Chris Evans","Steve Rogers","Lead Ensemble Members","2018_1_Avengers_ Infinity War.csv","male","Chris","Evans","B_NL"
"347","Scarlett Johansson","Natasha Romanoff/Black Widow","Lead Ensemble Members","2018_1_Avengers_ Infinity War.csv","female","Scarlett","Johansson","W_NL"
"348","Benedict Cumberbatch","Stephen Strange","Lead Ensemble Members","2018_1_Avengers_ Infinity War.csv","male","Benedict","Cumberbatch","B_NL"
"349","Don Cheadle","James Rhodes / War Machine","Lead Ensemble Members","2018_1_Avengers_ Infinity War.csv","male","Don","Cheadle","B_NL"
"350","Tom Holland","Peter Parker/Spider-Man","Lead Ensemble Members","2018_1_Avengers_ Infinity War.csv","male","Tom","Holland","W_NL"
"351","Chadwick Boseman","T'Challa / Black Panther","Lead Ensemble Members","2018_1_Avengers_ Infinity War.csv","male","Chadwick","Boseman","B_NL"
"352","Paul Bettany","Vision","Lead Ensemble Members","2018_1_Avengers_ Infinity War.csv","male","Paul","Bettany","W_NL"
"353","Elizabeth Olsen","Wanda Maximoff/Scarlet Witch","Lead Ensemble Members","2018_1_Avengers_ Infinity War.csv","female","Elizabeth","Olsen","W_NL"
"354","Sebastian Stan","Bucky Barnes/Winter Soldier","Lead Ensemble Members","2018_1_Avengers_ Infinity War.csv","male","Sebastian","Stan","W_NL"
"355","Danai Gurira","Okoye","Lead Ensemble Members","2018_1_Avengers_ Infinity War.csv","female","Danai","Gurira","B_NL"
"356","Letitia Wright","Shuri","Lead Ensemble Members","2018_1_Avengers_ Infinity War.csv","female","Letitia","Wright","B_NL"
"357","Dave Bautista","Drax the Destroyer","Lead Ensemble Members","2018_1_Avengers_ Infinity War.csv","male","Dave","Bautista","HL"
"358","Zoe Saldana","Gamora","Lead Ensemble Members","2018_1_Avengers_ Infinity War.csv","female","Zoe","Saldana","HL"
"359","Josh Brolin","Thanos","Lead Ensemble Members","2018_1_Avengers_ Infinity War.csv","male","Josh","Brolin","W_NL"
"360","Chris Pratt","Peter Quill/Star-Lord","Lead Ensemble Members","2018_1_Avengers_ Infinity War.csv","male","Chris","Pratt","W_NL"
"361","Benedict Wong","Wong","Lead Ensemble Members","2018_1_Avengers_ Infinity War.csv","male","Benedict","Wong","A"
"362","Pom Klementieff","Mantis","Lead Ensemble Members","2018_1_Avengers_ Infinity War.csv","male","Pom","Klementieff","A"
"363","Karen Gillan","Nebula","Lead Ensemble Members","2018_1_Avengers_ Infinity War.csv","female","Karen","Gillan","W_NL"
"364","Vin Diesel","Groot","Lead Ensemble Members","2018_1_Avengers_ Infinity War.csv","male","Vin","Diesel","W_NL"
"365","Bradley Cooper","Rocket Raccoon","Lead Ensemble Members","2018_1_Avengers_ Infinity War.csv","male","Bradley","Cooper","W_NL"
"366","Craig T. Nelson","Bob Parr / Mr. Incredible","Lead Ensemble Members","2018_2_Incredibles 2.csv","male","Craig","T. Nelson","B_NL"
"367","Holly Hunter","Helen Parr / Elastigirl","Lead Ensemble Members","2018_2_Incredibles 2.csv","female","Holly","Hunter","W_NL"
"368","Sarah Vowell","Violet Parr","Lead Ensemble Members","2018_2_Incredibles 2.csv","female","Sarah","Vowell","W_NL"
"369","Huckleberry Milner","Dashiell “Dash” Robert Parr","Lead Ensemble Members","2018_2_Incredibles 2.csv","male","Huckleberry","Milner","B_NL"
"370","Samuel L. Jackson","Lucius Best / Frozone","Lead Ensemble Members","2018_2_Incredibles 2.csv","male","Samuel","L. Jackson","B_NL"
"371","Chris Pratt","Owen Grady","Leading Cast","2018_3_Jurassic World_ Fallen Kingdom.csv","male","Chris","Pratt","W_NL"
"372","Bryce Dallas Howard","Claire Dearing","Leading Cast","2018_3_Jurassic World_ Fallen Kingdom.csv","male","Bryce","Dallas Howard","W_NL"
"373","Jason Momoa","Arthur Curry/Aquaman","Lead Ensemble Members","2018_4_Aquaman.csv","male","Jason","Momoa","B_NL"
"374","Amber Heard","Mera","Lead Ensemble Members","2018_4_Aquaman.csv","female","Amber","Heard","B_NL"
"375","Willem Dafoe","Dr. Nuidis Vulko","Lead Ensemble Members","2018_4_Aquaman.csv","male","Willem","Dafoe","W_NL"
"376","Patrick Wilson","Orm Marius / Ocean Master","Lead Ensemble Members","2018_4_Aquaman.csv","male","Patrick","Wilson","B_NL"
"377","Nicole Kidman","Atlanna","Lead Ensemble Members","2018_4_Aquaman.csv","female","Nicole","Kidman","W_NL"
"378","Dolph Lundgren","Nereus","Lead Ensemble Members","2018_4_Aquaman.csv","male","Dolph","Lundgren","W_NL"
"379","Yahya Abdul-Mateen II","David Hyde / Black Manta","Lead Ensemble Members","2018_4_Aquaman.csv","male","Yahya","Abdul-Mateen ","W_NL"
"380","Ryan Reynolds","Wade Wilson / Deadpool","Lead Ensemble Members","2018_5_Deadpool 2.csv","male","Ryan","Reynolds","W_NL"
"381","Josh Brolin","Nathan Summers/Cable","Lead Ensemble Members","2018_5_Deadpool 2.csv","male","Josh","Brolin","W_NL"
"382","Morena Baccarin","Vanessa","Lead Ensemble Members","2018_5_Deadpool 2.csv","female","Morena","Baccarin","W_NL"
"383","T.J. Miller","Weasel","Lead Ensemble Members","2018_5_Deadpool 2.csv","male","T.J.","Miller","W_NL"
"384","Leslie Uggams","Blind Al","Lead Ensemble Members","2018_5_Deadpool 2.csv","female","Leslie","Uggams","B_NL"
"385","Brianna Hildebrand","Negasonic Teenage Warhead","Lead Ensemble Members","2018_5_Deadpool 2.csv","female","Brianna","Hildebrand","W_NL"
"386","Stefan Kapicic","Colossus","Lead Ensemble Members","2018_5_Deadpool 2.csv","male","Stefan","Kapicic","W_NL"
"387","Zazie Beetz","Neena Thurman/Domino","Lead Ensemble Members","2018_5_Deadpool 2.csv","female","Zazie","Beetz","W_NL"
"388","Karan Soni","Dopinder","Lead Ensemble Members","2018_5_Deadpool 2.csv","male","Karan","Soni","A"
"389","Benedict Cumberbatch","Grinch","Leading Cast","2018_6_Dr. Seuss’ The Grinch.csv","male","Benedict","Cumberbatch","B_NL"
"390","Tom Cruise","Ethan Hunt","Lead Ensemble Members","2018_7_Mission_ Impossible—Fallout.csv","male","Tom","Cruise","W_NL"
"391","Henry Cavill","August Walker","Lead Ensemble Members","2018_7_Mission_ Impossible—Fallout.csv","male","Henry","Cavill","W_NL"
"392","Ving Rhames","Luther Stickell","Lead Ensemble Members","2018_7_Mission_ Impossible—Fallout.csv","male","Ving","Rhames","B_NL"
"393","Simon Pegg","Benjamin “Benji” Dunn","Lead Ensemble Members","2018_7_Mission_ Impossible—Fallout.csv","male","Simon","Pegg","W_NL"
"394","Rebecca Ferguson","Ilsa Faust","Lead Ensemble Members","2018_7_Mission_ Impossible—Fallout.csv","female","Rebecca","Ferguson","W_NL"
"395","Sean Harris","Solomon Lane","Lead Ensemble Members","2018_7_Mission_ Impossible—Fallout.csv","male","Sean","Harris","B_NL"
"396","Angela Bassett","Erica Sloan","Lead Ensemble Members","2018_7_Mission_ Impossible—Fallout.csv","female","Angela","Bassett","B_NL"
"397","Michelle Monaghan","Julia Meade-Hunt","Lead Ensemble Members","2018_7_Mission_ Impossible—Fallout.csv","female","Michelle","Monaghan","W_NL"
"398","Alec Baldwin","Secretary Alan Hunley","Lead Ensemble Members","2018_7_Mission_ Impossible—Fallout.csv","male","Alec","Baldwin","W_NL"
"399","Paul Rudd","Scott Lang/Ant-Man","Lead Ensemble Members","2018_8_Ant-Man and the Wasp.csv","male","Paul","Rudd","W_NL"
"400","Evangeline Lilly","Hope van Dyne/The Wasp","Lead Ensemble Members","2018_8_Ant-Man and the Wasp.csv","female","Evangeline","Lilly","B_NL"
"401","Michael Peña","Luis","Lead Ensemble Members","2018_8_Ant-Man and the Wasp.csv","male","Michael","Peña","HL"
"402","Walton Goggins","Sonny Burch","Lead Ensemble Members","2018_8_Ant-Man and the Wasp.csv","male","Walton","Goggins","B_NL"
"403","Hannah John-Kamen","Ava Starr/Ghost","Lead Ensemble Members","2018_8_Ant-Man and the Wasp.csv","female","Hannah","John-Kamen","W_NL"
"404","Michelle Pfeiffer","Janet van Dyne","Lead Ensemble Members","2018_8_Ant-Man and the Wasp.csv","female","Michelle","Pfeiffer","W_NL"
"405","Laurence Fishburne","Dr. Bill Foster/Goliath","Lead Ensemble Members","2018_8_Ant-Man and the Wasp.csv","female","Laurence","Fishburne","B_NL"
"406","Michael Douglas","Dr. Hank Pym","Lead Ensemble Members","2018_8_Ant-Man and the Wasp.csv","male","Michael","Douglas","B_NL"
"407","Rami Malek","Freddie Mercury","Leading Cast","2018_9_Bohemian Rhapsody.csv","male","Rami","Malek","W_NL"
"408","Robert Downey, Jr.","Tony Stark/Iron Man","Lead Ensemble Members","2019_0_Avengers_ Endgame.csv","male","Robert","Downey","W_NL"
"409","Chris Evans","Steve Rogers/Captain America","Lead Ensemble Members","2019_0_Avengers_ Endgame.csv","male","Chris","Evans","B_NL"
"410","Mark Ruffalo","Bruce Banner/Hulk","Lead Ensemble Members","2019_0_Avengers_ Endgame.csv","male","Mark","Ruffalo","W_NL"
"411","Chris Hemsworth","Thor","Lead Ensemble Members","2019_0_Avengers_ Endgame.csv","male","Chris","Hemsworth","W_NL"
"412","Scarlett Johansson","Natasha Romanoff/Black Widow","Lead Ensemble Members","2019_0_Avengers_ Endgame.csv","female","Scarlett","Johansson","W_NL"
"413","Jeremy Renner","Clint Barton/Hawkeye","Lead Ensemble Members","2019_0_Avengers_ Endgame.csv","male","Jeremy","Renner","W_NL"
"414","Don Cheadle","James “Rhodey” Rhodes/War Machine","Lead Ensemble Members","2019_0_Avengers_ Endgame.csv","male","Don","Cheadle","B_NL"
"415","Paul Rudd","Scott Lang/Ant-Man","Lead Ensemble Members","2019_0_Avengers_ Endgame.csv","male","Paul","Rudd","W_NL"
"416","Brie Larson","Carol Danvers/Captain Marvel","Lead Ensemble Members","2019_0_Avengers_ Endgame.csv","female","Brie","Larson","W_NL"
"417","Karen Gillan","Nebula","Lead Ensemble Members","2019_0_Avengers_ Endgame.csv","female","Karen","Gillan","W_NL"
"418","Danai Gurira","Okoye","Lead Ensemble Members","2019_0_Avengers_ Endgame.csv","female","Danai","Gurira","B_NL"
"419","Bradley Cooper","Rocket","Lead Ensemble Members","2019_0_Avengers_ Endgame.csv","male","Bradley","Cooper","W_NL"
"420","Josh Brolin","Thanos","Lead Ensemble Members","2019_0_Avengers_ Endgame.csv","male","Josh","Brolin","W_NL"
"421","Benedict Wong","Wong","Lead Ensemble Members","2019_0_Avengers_ Endgame.csv","male","Benedict","Wong","A"
"422","Jon Favreau","Happy Hogan","Lead Ensemble Members","2019_0_Avengers_ Endgame.csv","male","Jon","Favreau","W_NL"
"423","Gwyneth Paltrow","Pepper Potts","Lead Ensemble Members","2019_0_Avengers_ Endgame.csv","female","Gwyneth","Paltrow","W_NL"
"424","Evangeline Lilly","Hope van Dyne/The Wasp","Lead Ensemble Members","2019_0_Avengers_ Endgame.csv","female","Evangeline","Lilly","B_NL"
"425","Benedict Cumberbatch","Dr. Stephen Strange","Lead Ensemble Members","2019_0_Avengers_ Endgame.csv","male","Benedict","Cumberbatch","B_NL"
"426","Tom Holland","Peter Parker/Spider-Man","Lead Ensemble Members","2019_0_Avengers_ Endgame.csv","male","Tom","Holland","W_NL"
"427","Chris Pratt","Peter Quill/Star-Lord","Lead Ensemble Members","2019_0_Avengers_ Endgame.csv","male","Chris","Pratt","W_NL"
"428","Dave Bautista","Drax the Destroyer","Lead Ensemble Members","2019_0_Avengers_ Endgame.csv","male","Dave","Bautista","HL"
"429","Sebastian Stan","Bucky Barnes/Winter Soldier","Lead Ensemble Members","2019_0_Avengers_ Endgame.csv","male","Sebastian","Stan","W_NL"
"430","Terry Notary","Groot","Lead Ensemble Members","2019_0_Avengers_ Endgame.csv","male","Terry","Notary","B_NL"
"431","Anthony Mackie","Sam Wilson/Falcon","Lead Ensemble Members","2019_0_Avengers_ Endgame.csv","male","Anthony","Mackie","B_NL"
"432","Tom Hiddleston","Loki","Lead Ensemble Members","2019_0_Avengers_ Endgame.csv","male","Tom","Hiddleston","W_NL"
"433","Letitia Wright","Shuri","Lead Ensemble Members","2019_0_Avengers_ Endgame.csv","female","Letitia","Wright","B_NL"
"434","Samuel L. Jackson","Nick Fury","Lead Ensemble Members","2019_0_Avengers_ Endgame.csv","male","Samuel","L. Jackson","B_NL"
"435","Pom Klementieff","Mantis","Lead Ensemble Members","2019_0_Avengers_ Endgame.csv","male","Pom","Klementieff","A"
"436","Paul Bettany","Vision","Lead Ensemble Members","2019_0_Avengers_ Endgame.csv","male","Paul","Bettany","W_NL"
"437","Elizabeth Olsen","Wanda Maximoff/Scarlet Witch","Lead Ensemble Members","2019_0_Avengers_ Endgame.csv","female","Elizabeth","Olsen","W_NL"
"438","Zoe Saldana","Gamora","Lead Ensemble Members","2019_0_Avengers_ Endgame.csv","female","Zoe","Saldana","HL"
"439","Chadwick Boseman","T’Challa/Black Panther","Lead Ensemble Members","2019_0_Avengers_ Endgame.csv","male","Chadwick","Boseman","B_NL"
"440","Donald Glover","Simba","Lead Ensemble Members","2019_1_The Lion King.csv","male","Donald","Glover","B_NL"
"441","Beyoncé Knowles","Nala","Lead Ensemble Members","2019_1_The Lion King.csv","female","Beyoncé","Knowles","B_NL"
"442","James Earl Jones","Mufasa","Lead Ensemble Members","2019_1_The Lion King.csv","male","James","Earl Jones","W_NL"
"443","Chiwetel Ejiofor","Scar","Lead Ensemble Members","2019_1_The Lion King.csv","male","Chiwetel","Ejiofor","B_NL"
"444","Billy Eichner","Timon","Lead Ensemble Members","2019_1_The Lion King.csv","male","Billy","Eichner","W_NL"
"445","Seth Rogen","Pumbaa","Lead Ensemble Members","2019_1_The Lion King.csv","male","Seth","Rogen","W_NL"
"446","John Oliver","Zazu","Lead Ensemble Members","2019_1_The Lion King.csv","male","John","Oliver","W_NL"
"447","Keegan-Michael Key","Kamari","Lead Ensemble Members","2019_1_The Lion King.csv","male","Keegan-Michael","Key","B_NL"
"448","John Kani","Rafiki","Lead Ensemble Members","2019_1_The Lion King.csv","male","John","Kani","W_NL"
"449","Alfre Woodard","Sarabi","Lead Ensemble Members","2019_1_The Lion King.csv","male","Alfre","Woodard","B_NL"
"450","Eric Andre","Azizi","Lead Ensemble Members","2019_1_The Lion King.csv","male","Eric","Andre","B_NL"
"451","Florence Kasumba","Shenzi","Lead Ensemble Members","2019_1_The Lion King.csv","female","Florence","Kasumba","B_NL"
"452","JD McCrary","Young Simba","Lead Ensemble Members","2019_1_The Lion King.csv","male","JD","McCrary","B_NL"
"453","Shahadi Wright Joseph","Young Nala","Lead Ensemble Members","2019_1_The Lion King.csv","male","Shahadi","Wright Joseph","B_NL"
"454","Mark Hamill","Luke Skywalker","Lead Ensemble Members","2019_2_Star Wars_ The Rise of Skywalker.csv","male","Mark","Hamill","W_NL"
"455","Adam Driver","Kylo Ren","Lead Ensemble Members","2019_2_Star Wars_ The Rise of Skywalker.csv","male","Adam","Driver","W_NL"
"456","Daisy Ridley","Rey","Lead Ensemble Members","2019_2_Star Wars_ The Rise of Skywalker.csv","female","Daisy","Ridley","B_NL"
"457","John Boyega","Finn","Lead Ensemble Members","2019_2_Star Wars_ The Rise of Skywalker.csv","male","John","Boyega","B_NL"
"458","Oscar Isaac","Poe Dameron","Lead Ensemble Members","2019_2_Star Wars_ The Rise of Skywalker.csv","male","Oscar","Isaac","HL"
"459","Lupita Nyong'o","Maz Kanata","Lead Ensemble Members","2019_2_Star Wars_ The Rise of Skywalker.csv","female","Lupita","Nyong'o","B_NL"
"460","Keri Russell","Zorii Bliss","Lead Ensemble Members","2019_2_Star Wars_ The Rise of Skywalker.csv","female","Keri","Russell","W_NL"
"461","Joonas Suotamo","Chewbacca","Lead Ensemble Members","2019_2_Star Wars_ The Rise of Skywalker.csv","male","Joonas","Suotamo","W_NL"
"462","Anthony Daniels","C-3PO","Lead Ensemble Members","2019_2_Star Wars_ The Rise of Skywalker.csv","male","Anthony","Daniels","B_NL"
"463","Jimmy Vee","R2-D2","Lead Ensemble Members","2019_2_Star Wars_ The Rise of Skywalker.csv","male","Jimmy","Vee","A"
"464","Kristen Bell","Anna","Leading Cast","2019_3_Frozen II.csv","female","Kristen","Bell","W_NL"
"465","Idina Menzel","Elsa","Leading Cast","2019_3_Frozen II.csv","female","Idina","Menzel","W_NL"
"466","Josh Gad","Olaf","Leading Cast","2019_3_Frozen II.csv","male","Josh","Gad","A"
"467","Tom Hanks","Woody","Lead Ensemble Members","2019_4_Toy Story 4.csv","male","Tom","Hanks","W_NL"
"468","Tim Allen","Buzz Lightyear","Lead Ensemble Members","2019_4_Toy Story 4.csv","male","Tim","Allen","W_NL"
"469","Annie Potts","Bo Peep","Lead Ensemble Members","2019_4_Toy Story 4.csv","female","Annie","Potts","B_NL"
"470","Tony Hale","Forky","Lead Ensemble Members","2019_4_Toy Story 4.csv","male","Tony","Hale","B_NL"
"471","Keegan-Michael Key","Ducky","Lead Ensemble Members","2019_4_Toy Story 4.csv","male","Keegan-Michael","Key","B_NL"
"472","Jordan Peele","Bunny","Lead Ensemble Members","2019_4_Toy Story 4.csv","male","Jordan","Peele","B_NL"
"473","Christina Hendricks","Gabby Gabby","Lead Ensemble Members","2019_4_Toy Story 4.csv","female","Christina","Hendricks","B_NL"
"474","Brie Larson","Carol Danvers/Vers/Captain Marvel","Lead Ensemble Members","2019_5_Captain Marvel.csv","female","Brie","Larson","W_NL"
"475","Samuel L. Jackson","Nick Fury","Lead Ensemble Members","2019_5_Captain Marvel.csv","male","Samuel","L. Jackson","B_NL"
"476","Ben Mendelsohn","Talos/Keller","Lead Ensemble Members","2019_5_Captain Marvel.csv","male","Ben","Mendelsohn","W_NL"
"477","Djimon Hounsou","Korath the Pursuer","Lead Ensemble Members","2019_5_Captain Marvel.csv","male","Djimon","Hounsou","B_NL"
"478","Lee Pace","Ronan the Accuser","Lead Ensemble Members","2019_5_Captain Marvel.csv","female","Lee","Pace","W_NL"
"479","Lashana Lynch","Maria Rambeau","Lead Ensemble Members","2019_5_Captain Marvel.csv","female","Lashana","Lynch","B_NL"
"480","Gemma Chan","Minn-Erva","Lead Ensemble Members","2019_5_Captain Marvel.csv","female","Gemma","Chan","A"
"481","Annette Bening","Supreme Intelligence","Lead Ensemble Members","2019_5_Captain Marvel.csv","female","Annette","Bening","W_NL"
"482","Clark Gregg","Agent Phil Coulson","Lead Ensemble Members","2019_5_Captain Marvel.csv","male","Clark","Gregg","W_NL"
"483","Tom Holland","Peter Parker/Spider-Man","Leading Cast","2019_6_Spider-Man_ Far From Home.csv","male","Tom","Holland","W_NL"
"484","Samuel L. Jackson","Nick Fury","Leading Cast","2019_6_Spider-Man_ Far From Home.csv","male","Samuel","L. Jackson","B_NL"
"485","Zendaya","Michelle “MJ” Jones","Leading Cast","2019_6_Spider-Man_ Far From Home.csv","female","Zendaya",NA,NA
"486","Jake Gyllenhaal","Quentin Beck/Mysterio","Leading Cast","2019_6_Spider-Man_ Far From Home.csv","male","Jake","Gyllenhaal","W_NL"
"487","Mena Massoud","Aladdin","Lead Ensemble Members","2019_7_Aladdin.csv","female","Mena","Massoud","W_NL"
"488","Naomi Scott","Jasmine","Lead Ensemble Members","2019_7_Aladdin.csv","female","Naomi","Scott","B_NL"
"489","Will Smith","Genie","Lead Ensemble Members","2019_7_Aladdin.csv","male","Will","Smith","B_NL"
"490","Marwan Kenzari","Jafar","Lead Ensemble Members","2019_7_Aladdin.csv","male","Marwan","Kenzari","W_NL"
"491","Navid Negahban","Sultan","Lead Ensemble Members","2019_7_Aladdin.csv","male","Navid","Negahban","A"
"492","Joaquin Phoenix","Arthur Fleck/Joker","Leading Cast","2019_8_Joker.csv","male","Joaquin","Phoenix","HL"
"493","Dwayne Johnson","Bravestone","Lead Ensemble Members","2019_9_Jumanji_ The Next Level.csv","male","Dwayne","Johnson","B_NL"
"494","Karen Gillan","Ruby","Lead Ensemble Members","2019_9_Jumanji_ The Next Level.csv","female","Karen","Gillan","W_NL"
"495","Jack Black","Oberon","Lead Ensemble Members","2019_9_Jumanji_ The Next Level.csv","male","Jack","Black","W_NL"
"496","Kevin Hart","Mouse","Lead Ensemble Members","2019_9_Jumanji_ The Next Level.csv","male","Kevin","Hart","W_NL"
"497","Nick Jonas","Seaplane","Lead Ensemble Members","2019_9_Jumanji_ The Next Level.csv","male","Nick","Jonas","W_NL"
"498","Awkwafina","Ming","Lead Ensemble Members","2019_9_Jumanji_ The Next Level.csv","female","Awkwafina",NA,NA
"499","Will Smith","Detective Mike Lowrey","Leading Cast","2020_0_Bad Boys For Life.csv","male","Will","Smith","B_NL"
"500","Martin Lawrence","Detective Marcus Burnett","Leading Cast","2020_0_Bad Boys For Life.csv","male","Martin","Lawrence","B_NL"
"501","Ben Schwartz","Sonic the Hedgehog","Leading Cast","2020_1_Sonic The Hedgehog.csv","male","Ben","Schwartz","W_NL"
"502","Jim Carrey","Dr. Ivo Robotnik","Leading Cast","2020_1_Sonic The Hedgehog.csv","male","Jim","Carrey","W_NL"
"503","Margot Robbie","Harley Quinn","Lead Ensemble Members","2020_2_Birds of Prey (And the Fantabulous Emancipation….csv","female","Margot","Robbie","W_NL"
"504","Mary Elizabeth Winstead","Helena Bertinelli/Huntress","Lead Ensemble Members","2020_2_Birds of Prey (And the Fantabulous Emancipation….csv","female","Mary","Elizabeth Winstead","W_NL"
"505","Jurnee Smollett","Dinah Lance/Black Canary","Lead Ensemble Members","2020_2_Birds of Prey (And the Fantabulous Emancipation….csv","female","Jurnee","Smollett","W_NL"
"506","Rosie Perez","Renee Montoya","Lead Ensemble Members","2020_2_Birds of Prey (And the Fantabulous Emancipation….csv","female","Rosie","Perez","HL"
"507","Chris Messina","Victor Zsasz","Lead Ensemble Members","2020_2_Birds of Prey (And the Fantabulous Emancipation….csv","male","Chris","Messina","W_NL"
"508","Ella Jay Basco","Cassandra Cain","Lead Ensemble Members","2020_2_Birds of Prey (And the Fantabulous Emancipation….csv","female","Ella","Jay Basco","B_NL"
"509","Ali Wong","Ellen Yee","Lead Ensemble Members","2020_2_Birds of Prey (And the Fantabulous Emancipation….csv","male","Ali","Wong","A"
"510","Ewan McGregor","Roman Sionis","Lead Ensemble Members","2020_2_Birds of Prey (And the Fantabulous Emancipation….csv","male","Ewan","McGregor","W_NL"
"511","Robert Downey, Jr.","Doctor John Dolittle","Lead Ensemble Members","2020_3_Dolittle.csv","male","Robert","Downey","W_NL"
"512","Emma Thompson","Polynesia","Lead Ensemble Members","2020_3_Dolittle.csv","female","Emma","Thompson","B_NL"
"513","Rami Malek","Chee-Chee","Lead Ensemble Members","2020_3_Dolittle.csv","male","Rami","Malek","W_NL"
"514","John Cena","Yoshi","Lead Ensemble Members","2020_3_Dolittle.csv","male","John","Cena","HL"
"515","Kumail Nanjiani","Plimpton","Lead Ensemble Members","2020_3_Dolittle.csv","male","Kumail","Nanjiani","A"
"516","Octavia Spencer","Dab-Dab","Lead Ensemble Members","2020_3_Dolittle.csv","female","Octavia","Spencer","B_NL"
"517","Tom Holland","Jip","Lead Ensemble Members","2020_3_Dolittle.csv","male","Tom","Holland","W_NL"
"518","Craig Robinson","Kevin","Lead Ensemble Members","2020_3_Dolittle.csv","male","Craig","Robinson","B_NL"
"519","Ralph Fiennes","Barry","Lead Ensemble Members","2020_3_Dolittle.csv","male","Ralph","Fiennes","W_NL"
"520","Selena Gomez","Betsy","Lead Ensemble Members","2020_3_Dolittle.csv","female","Selena","Gomez","HL"
"521","Marion Cotillard","Tutu","Lead Ensemble Members","2020_3_Dolittle.csv","female","Marion","Cotillard","W_NL"
"522","Elisabeth Moss","Cecilia Kass","Leading Cast","2020_4_The Invisible Man.csv","female","Elisabeth","Moss","W_NL"
"523","Oliver Jackson-Cohen","Adrian Griffin","Leading Cast","2020_4_The Invisible Man.csv","male","Oliver","Jackson-Cohen","B_NL"
"524","Harrison Ford","John Thornton","Leading Cast","2020_5_The Call of the Wild.csv","male","Harrison","Ford","B_NL"
"525","Chris Pratt","Barley Lightfoot","Lead Ensemble Members","2020_6_Onward.csv","male","Chris","Pratt","W_NL"
"526","Tom Holland","Ian Lightfoot","Lead Ensemble Members","2020_6_Onward.csv","male","Tom","Holland","W_NL"
"527","Julia Louis-Dreyfus","Laurel Lightfoot","Lead Ensemble Members","2020_6_Onward.csv","female","Julia","Louis-Dreyfus","HL"
"528","Octavia Spencer","Corey","Lead Ensemble Members","2020_6_Onward.csv","female","Octavia","Spencer","B_NL"
"529","Lena Waithe","Specter","Lead Ensemble Members","2020_6_Onward.csv","female","Lena","Waithe","B_NL"
"530","Ali Wong","Gore","Lead Ensemble Members","2020_6_Onward.csv","male","Ali","Wong","A"
"531","Mel Rodriguez","Colt Bronco","Lead Ensemble Members","2020_6_Onward.csv","female","Mel","Rodriguez","HL"
"532","Nicolas Cage","Grug","Lead Ensemble Members","2020_7_The Croods_ A New Age.csv","male","Nicolas","Cage","B_NL"
"533","Emma Stone","Eep","Lead Ensemble Members","2020_7_The Croods_ A New Age.csv","female","Emma","Stone","B_NL"
"534","Ryan Reynolds","Guy","Lead Ensemble Members","2020_7_The Croods_ A New Age.csv","male","Ryan","Reynolds","W_NL"
"535","Catherine Keener","Ugga","Lead Ensemble Members","2020_7_The Croods_ A New Age.csv","female","Catherine","Keener","W_NL"
"536","Cloris Leachman","Gran","Lead Ensemble Members","2020_7_The Croods_ A New Age.csv","female","Cloris","Leachman","B_NL"
"537","Clark Duke","Thunk","Lead Ensemble Members","2020_7_The Croods_ A New Age.csv","male","Clark","Duke","W_NL"
"538","Leslie Mann","Hope Betterman","Lead Ensemble Members","2020_7_The Croods_ A New Age.csv","female","Leslie","Mann","W_NL"
"539","Peter Dinklage","Phil Betterman","Lead Ensemble Members","2020_7_The Croods_ A New Age.csv","male","Peter","Dinklage","W_NL"
"540","Kelly Marie Tran","Dawn Betterman","Lead Ensemble Members","2020_7_The Croods_ A New Age.csv","female","Kelly","Marie Tran","A"
"541","John David Washington","“The Protagonist”","Lead Ensemble Members","2020_8_Tenet.csv","male","John","David Washington","B_NL"
"542","Robert Pattinson","Neil","Lead Ensemble Members","2020_8_Tenet.csv","male","Robert","Pattinson","W_NL"
"543","Elizabeth Debicki","Kat","Lead Ensemble Members","2020_8_Tenet.csv","female","Elizabeth","Debicki","W_NL"
"544","Michael Caine","Crosby","Lead Ensemble Members","2020_8_Tenet.csv","male","Michael","Caine","W_NL"
"545","Kenneth Branagh","Sator","Lead Ensemble Members","2020_8_Tenet.csv","male","Kenneth","Branagh","W_NL"
"546","Gal Gadot","Diana Prince/Wonder Woman","Leading Cast","2020_9_Wonder Woman 1984.csv","male","Gal","Gadot","W_NL"
"547","Chris Pine","Steve Trevor","Leading Cast","2020_9_Wonder Woman 1984.csv","male","Chris","Pine","W_NL"
"548","Kristen Wiig","Barbara Ann Miverva/Cheetah","Leading Cast","2020_9_Wonder Woman 1984.csv","female","Kristen","Wiig","W_NL"
"549","Pedro Pascal","Maxwell Lord","Leading Cast","2020_9_Wonder Woman 1984.csv","male","Pedro","Pascal","HL"
"550","Tom Holland","Peter Parker/Spider-Man","Leading Cast","2021_0_Spider-Man_ No Way Home.csv","male","Tom","Holland","W_NL"
"551","Simu Liu","Shang-Chi","Leading Cast","2021_1_Shang-Chi and the Legend of the Ten Rings.csv","male","Simu","Liu","A"
"552","Tom Hardy","Eddie Brock/Venom","Leading Cast","2021_2_Venom_ Let There be Carnage.csv","male","Tom","Hardy","B_NL"
"553","Woody Harrelson","Carnage","Leading Cast","2021_2_Venom_ Let There be Carnage.csv","male","Woody","Harrelson","W_NL"
"554","Scarlett Johansson","Natasha Romanoff/Black Widow","Lead Ensemble Members","2021_3_Black Widow.csv","female","Scarlett","Johansson","W_NL"
"555","Florence Pugh","Yelena Belova","Lead Ensemble Members","2021_3_Black Widow.csv","female","Florence","Pugh","B_NL"
"556","Rachel Weisz","Melina","Lead Ensemble Members","2021_3_Black Widow.csv","female","Rachel","Weisz","W_NL"
"557","David Harbour","Alexei/Red Guardian","Lead Ensemble Members","2021_3_Black Widow.csv","male","David","Harbour","W_NL"
"558","Ray Winstone","Dreykov","Lead Ensemble Members","2021_3_Black Widow.csv","male","Ray","Winstone","B_NL"
"559","O.T. Fagbenle","Mason","Lead Ensemble Members","2021_3_Black Widow.csv","male","O.T.","Fagbenle","B_NL"
"560","Vin Diesel","Dominic Toretto","Lead Ensemble Members","2021_4_F9_ The Fast Saga.csv","male","Vin","Diesel","W_NL"
"561","Michelle Rodriguez","Letty Ortiz","Lead Ensemble Members","2021_4_F9_ The Fast Saga.csv","female","Michelle","Rodriguez","HL"
"562","Tyrese Gibson","Roman Pearce","Lead Ensemble Members","2021_4_F9_ The Fast Saga.csv","male","Tyrese","Gibson","B_NL"
"563","Chris  Bridges","Tej Parker","Lead Ensemble Members","2021_4_F9_ The Fast Saga.csv","male","Chris"," Bridges","B_NL"
"564","John Cena","Jakob Toretto","Lead Ensemble Members","2021_4_F9_ The Fast Saga.csv","male","John","Cena","HL"
"565","Nathalie Emmanuel","Ramsey","Lead Ensemble Members","2021_4_F9_ The Fast Saga.csv","female","Nathalie","Emmanuel","B_NL"
"566","Jordana Brewster","Mia Toretto","Lead Ensemble Members","2021_4_F9_ The Fast Saga.csv","female","Jordana","Brewster","W_NL"
"567","Kumail Nanjiani","Kingo","Lead Ensemble Members","2021_5_Eternals.csv","male","Kumail","Nanjiani","A"
"568","Angelina Jolie","Thena","Lead Ensemble Members","2021_5_Eternals.csv","female","Angelina","Jolie","B_NL"
"569","Richard Madden","Ikaris","Lead Ensemble Members","2021_5_Eternals.csv","male","Richard","Madden","W_NL"
"570","Salma Hayek","Ajak","Lead Ensemble Members","2021_5_Eternals.csv","female","Salma","Hayek","W_NL"
"571","Brian Tyree Henry","Phastos","Lead Ensemble Members","2021_5_Eternals.csv","male","Brian","Tyree Henry","B_NL"
"572","Lauren Ridloff","Makkari","Lead Ensemble Members","2021_5_Eternals.csv","female","Lauren","Ridloff","W_NL"
"573","Barry Keoghan","Druig","Lead Ensemble Members","2021_5_Eternals.csv","male","Barry","Keoghan","W_NL"
"574","Gemma Chan","Sersi","Lead Ensemble Members","2021_5_Eternals.csv","female","Gemma","Chan","A"
"575","Lia McHugh","Sprite","Lead Ensemble Members","2021_5_Eternals.csv","female","Lia","McHugh","W_NL"
"576","Don Lee","Gilgamesh","Lead Ensemble Members","2021_5_Eternals.csv","male","Don","Lee","A"
"577","Matthew McConaughey","Buster Moon","Lead Ensemble Members","2021_6_Sing 2.csv","male","Matthew","McConaughey","W_NL"
"578","Reese Witherspoon","Rosita","Lead Ensemble Members","2021_6_Sing 2.csv","female","Reese","Witherspoon","B_NL"
"579","Scarlett Johansson","Ash","Lead Ensemble Members","2021_6_Sing 2.csv","female","Scarlett","Johansson","W_NL"
"580","Taron Egerton","Johnny","Lead Ensemble Members","2021_6_Sing 2.csv","male","Taron","Egerton","W_NL"
"581","Tori Kelly","Meena","Lead Ensemble Members","2021_6_Sing 2.csv","female","Tori","Kelly","B_NL"
"582","Nick Kroll","Gunter","Lead Ensemble Members","2021_6_Sing 2.csv","male","Nick","Kroll","W_NL"
"583","Pharrell Williams","Alfonso","Lead Ensemble Members","2021_6_Sing 2.csv","male","Pharrell","Williams","B_NL"
"584","Halsey","Porsha","Lead Ensemble Members","2021_6_Sing 2.csv","female","Halsey",NA,NA
"585","Letitia Wright","Nooshy","Lead Ensemble Members","2021_6_Sing 2.csv","female","Letitia","Wright","B_NL"
"586","Eric Andre","Darius","Lead Ensemble Members","2021_6_Sing 2.csv","male","Eric","Andre","B_NL"
"587","Bono","Clay Calloway","Lead Ensemble Members","2021_6_Sing 2.csv","male","Bono",NA,NA
"588","Daniel Craig","James Bond","Lead Ensemble Members","2021_7_No Time to Die.csv","male","Daniel","Craig","W_NL"
"589","Lea Seydoux","Dr. Madeleine Swann","Lead Ensemble Members","2021_7_No Time to Die.csv","female","Lea","Seydoux","W_NL"
"590","Naomie Harris","Eve Moneypenny","Lead Ensemble Members","2021_7_No Time to Die.csv","female","Naomie","Harris","B_NL"
"591","Ana de Armas","Paloma","Lead Ensemble Members","2021_7_No Time to Die.csv","female","Ana","de Armas","HL"
"592","Ben Whishaw","Q","Lead Ensemble Members","2021_7_No Time to Die.csv","male","Ben","Whishaw","B_NL"
"593","Rami Malek","Safin","Lead Ensemble Members","2021_7_No Time to Die.csv","male","Rami","Malek","W_NL"
"594","Emily Blunt","Evelyn Abbott","Leading Cast","2021_8_A Quiet Place_ Part II.csv","female","Emily","Blunt","B_NL"
"595","Carrie Coon","Callie","Lead Ensemble Members","2021_9_Ghostbusters_ Afterlife.csv","female","Carrie","Coon","W_NL"
"596","Finn Wolfhard","Trevor","Lead Ensemble Members","2021_9_Ghostbusters_ Afterlife.csv","male","Finn","Wolfhard","W_NL"
"597","Mckenna Grace","Phoebe","Lead Ensemble Members","2021_9_Ghostbusters_ Afterlife.csv","female","Mckenna","Grace","B_NL"
"598","Paul Rudd","Mr. Grooberson","Lead Ensemble Members","2021_9_Ghostbusters_ Afterlife.csv","male","Paul","Rudd","W_NL"
"599","Celeste O’ Conner","Trevor’s Classmate","Lead Ensemble Members","2021_9_Ghostbusters_ Afterlife.csv","female","Celeste","O’ Conner","B_NL"
"600","Logan Kim","Phoebe’s Classmate","Lead Ensemble Members","2021_9_Ghostbusters_ Afterlife.csv","male","Logan","Kim","A"
"601","Tom Cruise","Pete “Maverick” Mitchell","Lead Ensemble Members","2022_0_Top Gun_ Maverick.csv","male","Tom","Cruise","W_NL"
"602","Miles Teller","Rooster","Lead Ensemble Members","2022_0_Top Gun_ Maverick.csv","male","Miles","Teller","W_NL"
"603","Glen Powell","Hangman","Lead Ensemble Members","2022_0_Top Gun_ Maverick.csv","male","Glen","Powell","B_NL"
"604","Lewis James Pullman","Bob","Lead Ensemble Members","2022_0_Top Gun_ Maverick.csv","male","Lewis","James Pullman","B_NL"
"605","Monica Barbaro","Phoenix","Lead Ensemble Members","2022_0_Top Gun_ Maverick.csv","female","Monica","Barbaro","HL"
"606","Danny Ramirez","Fanboy","Lead Ensemble Members","2022_0_Top Gun_ Maverick.csv","male","Danny","Ramirez","HL"
"607","Jay Ellis","Payback","Lead Ensemble Members","2022_0_Top Gun_ Maverick.csv","male","Jay","Ellis","B_NL"
"608","Greg Tarzan Davis","Coyote","Lead Ensemble Members","2022_0_Top Gun_ Maverick.csv","male","Greg","Tarzan Davis","W_NL"
"609","Jon Hamm","Cyclone","Lead Ensemble Members","2022_0_Top Gun_ Maverick.csv","male","Jon","Hamm","W_NL"
"610","Sam Worthington","Jake Sully","Leading Cast","2022_1_Avatar_ The Way of Water.csv","male","Sam","Worthington","W_NL"
"611","Zoe Saldana","Neytiri","Leading Cast","2022_1_Avatar_ The Way of Water.csv","female","Zoe","Saldana","HL"
"612","Letitia Wright","Shuri","Lead Ensemble Members","2022_2_Black Panther_ Wakanda Forever.csv","female","Letitia","Wright","B_NL"
"613","Lupita Nyong'o","Nakia","Lead Ensemble Members","2022_2_Black Panther_ Wakanda Forever.csv","female","Lupita","Nyong'o","B_NL"
"614","Danai Gurira","Okoye","Lead Ensemble Members","2022_2_Black Panther_ Wakanda Forever.csv","female","Danai","Gurira","B_NL"
"615","Winston Duke","M’Baku","Lead Ensemble Members","2022_2_Black Panther_ Wakanda Forever.csv","male","Winston","Duke","B_NL"
"616","Dominique Thorne","Riri Williams/Ironheart","Lead Ensemble Members","2022_2_Black Panther_ Wakanda Forever.csv","female","Dominique","Thorne","B_NL"
"617","Florence Kasumba","Ayo","Lead Ensemble Members","2022_2_Black Panther_ Wakanda Forever.csv","female","Florence","Kasumba","B_NL"
"618","Michaela Coel","Aneka","Lead Ensemble Members","2022_2_Black Panther_ Wakanda Forever.csv","female","Michaela","Coel","W_NL"
"619","Tenoch Huerta","Namor","Lead Ensemble Members","2022_2_Black Panther_ Wakanda Forever.csv","male","Tenoch","Huerta","HL"
"620","Martin Freeman","Everett K. Ross","Lead Ensemble Members","2022_2_Black Panther_ Wakanda Forever.csv","male","Martin","Freeman","W_NL"
"621","Angela Bassett","Ramonda","Lead Ensemble Members","2022_2_Black Panther_ Wakanda Forever.csv","female","Angela","Bassett","B_NL"
"622","Benedict Cumberbatch","Dr. Stephen Strange","Lead Ensemble Members","2022_3_Doctor Strange in the Multiverse of Madness.csv","male","Benedict","Cumberbatch","B_NL"
"623","Elizabeth Olsen","Scarlett Witch","Lead Ensemble Members","2022_3_Doctor Strange in the Multiverse of Madness.csv","female","Elizabeth","Olsen","W_NL"
"624","Chiwetel Ejiofor","Karl Mordo","Lead Ensemble Members","2022_3_Doctor Strange in the Multiverse of Madness.csv","male","Chiwetel","Ejiofor","B_NL"
"625","Benedict Wong","Wong","Lead Ensemble Members","2022_3_Doctor Strange in the Multiverse of Madness.csv","male","Benedict","Wong","A"
"626","Xochitl Gomez","America Chavez","Lead Ensemble Members","2022_3_Doctor Strange in the Multiverse of Madness.csv","female","Xochitl","Gomez","HL"
"627","Michael Stuhlbarg","Nicodemus West","Lead Ensemble Members","2022_3_Doctor Strange in the Multiverse of Madness.csv","male","Michael","Stuhlbarg","W_NL"
"628","Rachel McAdams","Dr. Christine Palmer","Lead Ensemble Members","2022_3_Doctor Strange in the Multiverse of Madness.csv","female","Rachel","McAdams","B_NL"
"629","Chris Pratt","Owen Grady","Leading Cast","2022_4_Jurassic World_ Dominion.csv","male","Chris","Pratt","W_NL"
"630","Bryce Dallas Howard","Claire Dearing","Leading Cast","2022_4_Jurassic World_ Dominion.csv","male","Bryce","Dallas Howard","W_NL"
"631","Steve Carell","Gru","Leading Cast","2022_5_Minions_ The Rise of Gru.csv","male","Steve","Carell","W_NL"
"632","Robert Pattinson","Bruce Wayne / Batman","Leading Cast","2022_6_The Batman.csv","male","Robert","Pattinson","W_NL"
"633","Zoë Kravitz","Selina Kyle / Catwoman","Leading Cast","2022_6_The Batman.csv","female","Zoë","Kravitz","W_NL"
"634","Colin Farrell","Oswald “Oz” Cobblepot / Penguin","Leading Cast","2022_6_The Batman.csv","male","Colin","Farrell","W_NL"
"635","Paul Dano","Edward Nashton / Riddler","Leading Cast","2022_6_The Batman.csv","male","Paul","Dano","W_NL"
"636","Chris Hemsworth","Thor","Lead Ensemble Members","2022_7_Thor_ Love and Thunder.csv","male","Chris","Hemsworth","W_NL"
"637","Christian Bale","Gorr the God Butcher","Lead Ensemble Members","2022_7_Thor_ Love and Thunder.csv","male","Christian","Bale","B_NL"
"638","Tessa Thompson","King Valkyrie","Lead Ensemble Members","2022_7_Thor_ Love and Thunder.csv","female","Tessa","Thompson","B_NL"
"639","Taika Waititi","Korg","Lead Ensemble Members","2022_7_Thor_ Love and Thunder.csv","female","Taika","Waititi","B_NL"
"640","Russell Crowe","Zeus","Lead Ensemble Members","2022_7_Thor_ Love and Thunder.csv","male","Russell","Crowe","W_NL"
"641","Natalie Portman","Jane Foster/Mighty Thor","Lead Ensemble Members","2022_7_Thor_ Love and Thunder.csv","female","Natalie","Portman","W_NL"
"642","Ben Schwartz","Sonic the Hedgehog","Lead Ensemble Members","2022_8_Sonic the Hedgehog 2.csv","male","Ben","Schwartz","W_NL"
"643","Jim Carrey","Dr. Ivo Robotnik","Lead Ensemble Members","2022_8_Sonic the Hedgehog 2.csv","male","Jim","Carrey","W_NL"
"644","Idris Elba","Knuckles the Echidna","Lead Ensemble Members","2022_8_Sonic the Hedgehog 2.csv","male","Idris","Elba","W_NL"
"645","Colleen O Shaughnessey","Miles “Tails” Prower","Lead Ensemble Members","2022_8_Sonic the Hedgehog 2.csv","female","Colleen","O Shaughnessey","W_NL"
"646","James Marsden","Tom Wachowski","Lead Ensemble Members","2022_8_Sonic the Hedgehog 2.csv","male","James","Marsden","W_NL"
"647","Tika Sumpter","Maddie Wachowski","Lead Ensemble Members","2022_8_Sonic the Hedgehog 2.csv","female","Tika","Sumpter","B_NL"
"648","Lee Majdoub","Stone","Lead Ensemble Members","2022_8_Sonic the Hedgehog 2.csv","male","Lee","Majdoub","W_NL"
"649","Natasha Rothwell","Rachel","Lead Ensemble Members","2022_8_Sonic the Hedgehog 2.csv","female","Natasha","Rothwell","B_NL"
"650","Shemar Moore","Randall","Lead Ensemble Members","2022_8_Sonic the Hedgehog 2.csv","male","Shemar","Moore","B_NL"
"651","Antonio Banderas","Puss in Boots","Leading Cast","2022_9_Puss in Boots_ The Last Wish.csv","male","Antonio","Banderas","HL"
"652","Salma Hayek","Kitty Softpaws","Leading Cast","2022_9_Puss in Boots_ The Last Wish.csv","female","Salma","Hayek","W_NL"
